"nr_mpi","Number of MPI procs:", qsub_nrmpi_val , 1, mpi_max, 1, "Number of MPI nodes to use in parallel. When set to 1, MPI will not be used. The maximum can be set through the environment variable RELION_MPI_MAX.");
"nr_threads","Number of threads:", qsub_nrthreads_val, 1, thread_max, 1, "Number of shared-memory (POSIX) threads to use in parallel. \
"do_queue","Submit to queue?", use_queue, "If set to Yes, the job will be submit to a queue, otherwise \
"queuename","Queue name: ", std::string(default_queue), "Name of the queue to which to submit the job. The default name can be set through the environment variable RELION_QUEUE_NAME.");
"qsub","Queue submit command:", std::string(default_command), "Name of the command used to submit scripts to the queue, e.g. qsub or bsub.\n\n\
	std::string("qsub_extra")+i_str,std::string(extra_text), std::string(extra_default), txt.c_str());
"qsubscript","Standard submission script:", std::string(default_location), "Script Files (*.{csh,sh,bash,script})", ".",
"min_dedicated","Minimum dedicated cores per node:", minimum_nr_dedicated, 1, 64, 1, "Minimum number of dedicated cores that need to be requested on each node. This is useful to force the queue to fill up entire nodes of a given size. The default can be set through the environment variable RELION_MINIMUM_DEDICATED.");
"other_args","Additional arguments:", std::string(""), "In this box command-line arguments may be provided that are not generated by the GUI. \
"do_raw","Import raw movies/micrographs?", true, "Set this to Yes if you plan to import raw movies or micrographs");
"fn_in_raw","Raw input files:", "Micrographs/*.tif", (std::string)"Movie or Image (*.{mrc,mrcs,tif,tiff})", ".", "Provide a Linux wildcard that selects all raw movies or micrographs to be imported. The path must be a relative path from the project directory. To import files outside the project directory, first make a symbolic link by an absolute path and then specify the link by a relative path. See the FAQ page on RELION wiki (https://www3.mrc-lmb.cam.ac.uk/relion/index.php/FAQs#What_is_the_right_way_to_import_files_outside_the_project_directory.3F) for details.");
"is_multiframe","Are these multi-frame movies?", true, "Set to Yes for multi-frame movies, set to No for single-frame micrographs.");
"optics_group_name","Optics group name:", (std::string)"opticsGroup1", "Name of this optics group. Each group of movies/micrographs with different optics characteristics for CTF refinement should have a unique name.");
"fn_mtf","MTF of the detector:", "", "STAR Files (*.star)", ".", "As of release-3.1, the MTF of the detector is used in the refinement stages of refinement.  \
"angpix","Pixel size (Angstrom):", 1.4, 0.5, 3, 0.1, "Pixel size in Angstroms. ");
"kV","Voltage (kV):", 300, 50, 500, 10, "Voltage the microscope was operated on (in kV)");
"Cs","Spherical aberration (mm):", 2.7, 0, 8, 0.1, "Spherical aberration of the microscope used to collect these images (in mm). Typical values are 2.7 (FEI Titan & Talos, most JEOL CRYO-ARM), 2.0 (FEI Polara), 1.4 (some JEOL CRYO-ARM) and 0.01 (microscopes with a Cs corrector).");
"Q0","Amplitude contrast:", 0.1, 0, 0.3, 0.01, "Fraction of amplitude contrast. Often values around 10% work better than theoretically more accurate lower values...");
"beamtilt_x","Beamtilt in X (mrad):", 0.0, -1.0, 1.0, 0.1, "Known beamtilt in the X-direction (in mrad). Set to zero if unknown.");
"beamtilt_y","Beamtilt in Y (mrad):", 0.0, -1.0, 1.0, 0.1, "Known beamtilt in the Y-direction (in mrad). Set to zero if unknown.");
"do_other","Import other node types?", false, "Set this to Yes  if you plan to import anything else than movies or micrographs");
"fn_in_other","Input file:", "ref.mrc", "Input file (*.*)", ".", "Select any file(s) to import. \n \n \
"node_type","Node type:", job_nodetype_options, 0, "Select the type of Node this is.");
"optics_group_particles","Rename optics group for particles:", (std::string)"", "Only for the import of a particles STAR file with a single, or no, optics groups defined: rename the optics group for the imported particles to this string.");
"input_star_mics","Input movies STAR file:", NODE_MOVIES_CPIPE, "", "STAR files (*.star)", "A STAR file with all micrographs to run MOTIONCORR on");
"first_frame_sum","First frame for corrected sum:", 1, 1, 32, 1, "First frame to use in corrected average (starts counting at 1). ");
"last_frame_sum","Last frame for corrected sum:", -1, 0, 32, 1, "Last frame to use in corrected average. Values equal to or smaller than 0 mean 'use all frames'.");
"eer_grouping","EER fractionation:", 32, 1, 100, 1, "The number of hardware frames to group into one fraction. This option is relevant only for Falcon4 movies in the EER format. Note that all 'frames' in the GUI (e.g. first and last frame for corrected sum, dose per frame) refer to fractions, not raw detector frames. See https://www3.mrc-lmb.cam.ac.uk/relion/index.php/Image_compression#Falcon4_EER for detailed guidance on EER processing.");
"do_float16","Write output in float16?", true ,"If set to Yes, RelionCor2 will write output images in float16 MRC format. This will save a factor of two in disk space compared to the default of writing in float32. Note that RELION and CCPEM will read float16 images, but other programs may not (yet) do so. For example, Gctf will not work with float16 images. Also note that this option does not work with UCSF MotionCor2. For CTF estimation, use CTFFIND-4.1 with pre-calculated power spectra (activate the 'Save sum of power spectra' option).");
"bfactor","Bfactor:", 150, 0, 1500, 50, "The B-factor that will be applied to the micrographs.");
"patch_x","Number of patches X:", std::string("1"), "Number of patches (in X and Y direction) to apply motioncor2.");
"patch_y","Number of patches Y:", std::string("1"), "Number of patches (in X and Y direction) to apply motioncor2.");
"group_frames","Group frames:", 1, 1, 5, 1, "Average together this many frames before calculating the beam-induced shifts.");
"bin_factor","Binning factor:", 1, 1, 2, 1, "Bin the micrographs this much by a windowing operation in the Fourier Tranform. Binning at this level is hard to un-do later on, but may be useful to down-scale super-resolution images. Float-values may be used. Do make sure though that the resulting micrograph size is even.");
"fn_gain_ref","Gain-reference image:", "", "*.mrc", ".", "Location of the gain-reference file to be applied to the input micrographs. Leave this empty if the movies are already gain-corrected.");
"gain_rot","Gain rotation:", job_gain_rotation_options, 0, "Rotate the gain reference by this number times 90 degrees clockwise in relion_display. This is the same as -RotGain in MotionCor2. Note that MotionCor2 uses a different convention for rotation so it says 'counter-clockwise'. Valid values are 0, 1, 2 and 3.");
"gain_flip","Gain flip:", job_gain_flip_options, 0, "Flip the gain reference after rotation. This is the same as -FlipGain in MotionCor2. 0 means do nothing, 1 means flip Y (upside down) and 2 means flip X (left to right).");
"do_own_motioncor","Use RELION's own implementation?", true ,"If set to Yes, use RELION's own implementation of a MotionCor2-like algorithm by Takanori Nakane. Otherwise, wrap to the UCSF implementation. Note that Takanori's program only runs on CPUs but uses multiple threads, while the UCSF-implementation needs a GPU but uses only one CPU thread. Takanori's implementation is most efficient when the number of frames is divisible by the number of threads (e.g. 12 or 18 threads per MPI process for 36 frames). On some machines, setting the OMP_PROC_BIND environmental variable to TRUE accelerates the program.\n\
"fn_motioncor2_exe","MOTIONCOR2 executable:", std::string(default_location), "*.*", ".", "Location of the MOTIONCOR2 executable. You can control the default of this field by setting environment variable RELION_MOTIONCOR2_EXECUTABLE, or by editing the first few lines in src/gui_jobwindow.h and recompile the code.");
"fn_defect","Defect file:", "", "*", ".", "Location of a UCSF MotionCor2-style defect text file or a defect map that describe the defect pixels on the detector. Each line of a defect text file should contain four numbers specifying x, y, width and height of a defect region. A defect map is an image (MRC or TIFF), where 0 means good and 1 means bad pixels. The coordinate system is the same as the input movie before application of binning, rotation and/or flipping.\nNote that the format of the defect text is DIFFERENT from the defect text produced by SerialEM! One can convert a SerialEM-style defect file into a defect map using IMOD utilities e.g. \"clip defect -D defect.txt -f tif movie.mrc defect_map.tif\". See explanations in the SerialEM manual.\n\nLeave empty if you don't have any defects, or don't want to correct for defects on your detector.");
"gpu_ids","Which GPUs to use:", std::string("0"), "Provide a list of which GPUs (0,1,2,3, etc) to use. MPI-processes are separated by ':'. For example, to place one rank on device 0 and one rank on device 1, provide '0:1'.\n\
"other_motioncor2_args","Other MOTIONCOR2 arguments", std::string(""), "Additional arguments that need to be passed to MOTIONCOR2.");
"do_dose_weighting","Do dose-weighting?", true ,"If set to Yes, the averaged micrographs will be dose-weighted.");
"do_save_noDW","Save non-dose weighted as well?", false, "Aligned but non-dose weighted images are sometimes useful in CTF estimation, although there is no difference in most cases. Whichever the choice, CTF refinement job is always done on dose-weighted particles.");
"dose_per_frame","Dose per frame (e/A2):", 1, 0, 5, 0.2, "Dose per movie frame (in electrons per squared Angstrom).");
"pre_exposure","Pre-exposure (e/A2):", 0, 0, 5, 0.5, "Pre-exposure dose (in electrons per squared Angstrom).");
"do_save_ps","Save sum of power spectra?", true, "Sum of non-dose weighted power spectra provides better signal for CTF estimation. The power spectra can be used by CTFFIND4 but not by GCTF. This option is not available for UCSF MotionCor2. You must use this option when writing in float16.");
"group_for_ps","Sum power spectra every e/A2:", 4, 0, 10, 0.5, "McMullan et al (Ultramicroscopy, 2015) sugggest summing power spectra every 4.0 e/A2 gives optimal Thon rings");
"input_star_mics","Input micrographs STAR file:", NODE_MICS_CPIPE, "", "STAR files (*.star)", "A STAR file with all micrographs to run CTFFIND or Gctf on");
"use_noDW","Use micrograph without dose-weighting?", false, "If set to Yes, the CTF estimation will be done using the micrograph without dose-weighting as in rlnMicrographNameNoDW (_noDW.mrc from MotionCor2). If set to No, the normal rlnMicrographName will be used.");
"do_phaseshift","Estimate phase shifts?", false, "If set to Yes, CTFFIND4 will estimate the phase shift, e.g. as introduced by a Volta phase-plate");
"phase_min","Phase shift (deg) - Min:", std::string("0"), "Minimum, maximum and step size (in degrees) for the search of the phase shift");
"phase_max","Phase shift (deg) - Max:", std::string("180"), "Minimum, maximum and step size (in degrees) for the search of the phase shift");
"phase_step","Phase shift (deg) - Step:", std::string("10"), "Minimum, maximum and step size (in degrees) for the search of the phase shift");
"dast","Amount of astigmatism (A):", 100, 0, 2000, 100,"CTFFIND's dAst parameter, GCTFs -astm parameter");
"use_ctffind4","Use CTFFIND-4.1?", false, "If set to Yes, the wrapper will use CTFFIND4 (version 4.1) for CTF estimation. This includes thread-support, calculation of Thon rings from movie frames and phase-shift estimation for phase-plate data.");
"use_given_ps","Use power spectra from MotionCorr job?", true, "If set to Yes, the CTF estimation will be done using power spectra calculated during motion correction. You must use this option if you used float16 in motion correction.");
"fn_ctffind_exe","CTFFIND-4.1 executable:", std::string(default_location), "*", ".", "Location of the CTFFIND (release 4.1 or later) executable. You can control the default of this field by setting environment variable RELION_CTFFIND_EXECUTABLE, or by editing the first few lines in src/gui_jobwindow.h and recompile the code.");
"slow_search","Use exhaustive search?", false, "If set to Yes, CTFFIND4 will use slower but more exhaustive search. This option is recommended for CTFFIND version 4.1.8 and earlier, but probably not necessary for 4.1.10 and later. It is also worth trying this option when astigmatism and/or phase shifts are difficult to fit.");
"box","FFT box size (pix):", 512, 64, 1024, 8, "CTFFIND's Box parameter");
"resmin","Minimum resolution (A):", 30, 10, 200, 10, "CTFFIND's ResMin parameter");
"resmax","Maximum resolution (A):", 5, 1, 20, 1, "CTFFIND's ResMax parameter");
"dfmin","Minimum defocus value (A):", 5000, 0, 25000, 1000, "CTFFIND's dFMin parameter");
"dfmax","Maximum defocus value (A):", 50000, 20000, 100000, 1000, "CTFFIND's dFMax parameter");
"dfstep","Defocus step size (A):", 500, 200, 2000, 100,"CTFFIND's FStep parameter");
"ctf_win","Estimate CTF on window size (pix) ", -1, -16, 4096, 16, "If a positive value is given, a squared window of this size at the center of the micrograph will be used to estimate the CTF. This may be useful to exclude parts of the micrograph that are unsuitable for CTF estimation, e.g. the labels at the edge of phtographic film. \n \n The original micrograph will be used (i.e. this option will be ignored) if a negative value is given.");
"use_gctf","Use Gctf instead?", false, "If set to Yes, Kai Zhang's Gctf program (which runs on NVIDIA GPUs) will be used instead of Niko Grigorieff's CTFFIND4.");
"fn_gctf_exe","Gctf executable:", std::string(default_location), "*", ".", "Location of the Gctf executable. You can control the default of this field by setting environment variable RELION_GCTF_EXECUTABLE, or by editing the first few lines in src/gui_jobwindow.h and recompile the code.");
"do_ignore_ctffind_params","Ignore 'Searches' parameters?", true, "If set to Yes, all parameters EXCEPT for phase shift search and its ranges on the 'Searches' tab will be ignored, and Gctf's default parameters will be used (box.size=1024; min.resol=50; max.resol=4; min.defocus=500; max.defocus=90000; step.defocus=500; astigm=1000) \n \
"do_EPA","Perform equi-phase averaging?", false, "If set to Yes, equi-phase averaging is used in the defocus refinement, otherwise basic rotational averaging will be performed.");
"other_gctf_args","Other Gctf options:", std::string(""), "Provide additional gctf options here.");
"gpu_ids","Which GPUs to use:", std::string(""), "This argument is not necessary. If left empty, the job itself will try to allocate available GPU resources. You can override the default allocation by providing a list of which GPUs (0,1,2,3, etc) to use. MPI-processes are separated by ':', threads by ','. ");
"fn_in","Input micrographs:", NODE_MICS_CPIPE, "", "Input micrographs (*.{star,mrc})", "Input STAR file (with or without CTF information), OR a unix-type wildcard with all micrographs in MRC format (in this case no CTFs can be used).");
"diameter","Particle diameter (A):", 100, 0, 500, 50, "The diameter of the circle used around picked particles (in Angstroms). Only used for display." );
"micscale","Scale for micrographs:", 0.2, 0.1, 1, 0.05, "The micrographs will be displayed at this relative scale, i.e. a value of 0.5 means that only every second pixel will be displayed." );
"sigma_contrast","Sigma contrast:", 3, 0, 10, 0.5, "The micrographs will be displayed with the black value set to the average of all values MINUS this values times the standard deviation of all values in the micrograph, and the white value will be set \
"white_val","White value:", 0, 0, 512, 16, "Use non-zero values to set the value of the whitest pixel in the micrograph.");
"black_val","Black value:", 0, 0, 512, 16, "Use non-zero values to set the value of the blackest pixel in the micrograph.");
"lowpass","Lowpass filter (A)", 20, 10, 100, 5, "Lowpass filter that will be applied to the micrographs. Give a negative value to skip the lowpass filter.");
"highpass","Highpass filter (A)", -1, 100, 1000, 100, "Highpass filter that will be applied to the micrographs. This may be useful to get rid of background ramps due to uneven ice distributions. Give a negative value to skip the highpass filter. Useful values are often in the range of 200-400 Angstroms.");
"angpix","Pixel size (A)", -1, 0.3, 5, 0.1, "Pixel size in Angstroms. This will be used to calculate the filters and the particle diameter in pixels. If a CTF-containing STAR file is input, then the value given here will be ignored, and the pixel size will be calculated from the values in the STAR file. A negative value can then be given here.");
"do_topaz_denoise","OR: use Topaz denoising?", false, "If set to true, Topaz denoising will be performed instead of lowpass filtering.");
"fn_topaz_exec","Topaz executable", std::string(default_location), "The location of the Topaz executable. If you need to activate conda environment, please make a wrapper shell script to do so and specify it. You can control the default of this field by setting environment variable RELION_TOPAZ_EXECUTABLE.");
"do_startend","Pick start-end coordinates helices?", false, "If set to true, start and end coordinates are picked subsequently and a line will be drawn between each pair");
"do_fom_threshold","Use autopick FOM threshold?", false, "If set to Yes, only particles with rlnAutopickFigureOfMerit values below the threshold below will be extracted.");
"minimum_pick_fom","Minimum autopick FOM: ", 0, -5, 10, 0.1, "The minimum value for the rlnAutopickFigureOfMerit for particles to be extracted.");
"do_color","Blue<>red color particles?", false, "If set to true, then the circles for each particles are coloured from red to blue (or the other way around) for a given metadatalabel. If this metadatalabel is not in the picked coordinates STAR file \
"color_label","MetaDataLabel for color:", std::string("rlnAutopickFigureOfMerit"), "The Metadata label of the value to plot from red<>blue. Useful examples might be: \n \
"fn_color","STAR file with color label: ", "", "STAR file (*.star)", ".", "The program will figure out which particles in this STAR file are on the current micrograph and color their circles according to the value in the corresponding column. \
"blue_value","Blue value: ", 0., 0., 4., 0.1, "The value of this entry will be blue. There will be a linear scale from blue to red, according to this value and the one given below.");
"red_value","Red value: ", 2., 0., 4., 0.1, "The value of this entry will be red. There will be a linear scale from blue to red, according to this value and the one given above.");
"fn_input_autopick","Input micrographs for autopick:", NODE_MICS_CPIPE, "", "Input micrographs (*.{star})", "Input STAR file (preferably with CTF information) with all micrographs to pick from.");
"angpix","Pixel size in micrographs (A)", -1, 0.3, 5, 0.1, "Pixel size in Angstroms. If a CTF-containing STAR file is input, then the value given here will be ignored, and the pixel size will be calculated from the values in the STAR file. A negative value can then be given here.");
"continue_manual","OR: continue manually?", false, "If set to Yes, an Autopick job can be continued as a manualpick job, so that incorrect picks can be corrected interactively.");
"do_log","OR: use Laplacian-of-Gaussian?", false, "If set to Yes, a Laplacian-of-Gaussian blob detection will be used (you can then leave the 'References' field empty. The preferred way to autopick is by setting this to no and providing references that were generated by 2D classification from this data set in RELION. The Laplacian-of-Gaussian method may be useful to kickstart a new data set. Please note that some options in the autopick tab are ignored in this method. See help messages of each option for details.");
"log_diam_min","Min. diameter for LoG filter (A)", 200, 50, 500, 10, "The smallest allowed diameter for the blob-detection algorithm. This should correspond to the smallest size of your particles in Angstroms.");
"log_diam_max","Max. diameter for LoG filter (A)", 250, 50, 500, 10, "The largest allowed diameter for the blob-detection algorithm. This should correspond to the largest size of your particles in Angstroms.");
"log_invert","Are the particles white?", false, "Set this option to No if the particles are black, and to Yes if the particles are white.");
"log_maxres","Maximum resolution to consider (A)", 20, 10, 100, 5, "The Laplacian-of-Gaussian filter will be applied to downscaled micrographs with the corresponding size. Give a negative value to skip downscaling.");
"log_adjust_thr","Adjust default threshold (stddev):", 0, -1., 1., 0.05, "Use this to pick more (negative number -> lower threshold) or less (positive number -> higher threshold) particles compared to the default setting. The threshold is moved this many standard deviations away from the average.");
"log_upper_thr","Upper threshold (stddev):", 999., 0., 10., 0.5, "Use this to discard picks with LoG thresholds that are this many standard deviations above the average, e.g. to avoid high contrast contamination like ice and ethane droplets. Good values depend on the contrast of micrographs and need to be interactively explored; for low contrast micrographs, values of ~ 1.5 may be reasonable, but the same value will be too low for high-contrast micrographs.");
"do_topaz","OR: use Topaz?", false, "If set to Yes, topaz will be used for autopicking. Run 2 separate jobs from the Topaz tab: one for training the model and for the actual picking.");
"fn_topaz_exec","Topaz executable", std::string(default_location), "The location of the Topaz executable. If you need to activate conda environment, please make a wrapper shell script to do so and specify it. You can control the default of this field by setting environment variable RELION_TOPAZ_EXECUTABLE.");
"do_topaz_train","Perform topaz training?", false, "Set this option to Yes if you want to train a topaz model.");
"topaz_train_picks","Input picked coordinates for training:", NODE_COORDS_CPIPE, "", "Input micrographs (*.{star})", "Input STAR file (preferably with CTF information) with all micrographs to pick from.");
"do_topaz_train_parts","OR train on a set of particles? ", false, "If set to Yes, the input Coordinates above will be ignored. Instead, one uses a _data.star file from a previous 2D or 3D refinement or selection to use those particle positions for training.");
"topaz_train_parts","Particles STAR file for training: ", NODE_PARTS_CPIPE, "", "Input STAR file (*.{star})", "Filename of the STAR file with the particle coordinates to be used for training, e.g. from a previous 2D or 3D classification or selection.");
"do_topaz_pick","Perform topaz picking?", false, "Set this option to Yes if you want to use a topaz model for autopicking.");
"topaz_particle_diameter","Particle diameter (A) ", -1, 0, 2000, 20, "Diameter of the particle (to be used to infer topaz downscale factor and particle radius)");
"topaz_nr_particles","Nr of particles per micrograph: ", -1, 0, 2000, 20, "Expected average number of particles per micrograph");
"topaz_model","Trained topaz model: ", "", "SAV Files (*.sav)", ".", "Trained topaz model for topaz-based picking. Use on job for training and a next job for picking. Leave this empty to use the default (general) model.");
"topaz_other_args"]= JobOption("Additional topaz arguments:", std::string(""), "These additional arguments will be passed onto all topaz programs.");
"do_refs","Use reference-based template-matching?", false, "If set to Yes, 2D or 3D references, as defined on the References tab will be used for autopicking.");
"fn_refs_autopick","2D references:", NODE_2DIMGS_CPIPE, "", "Input references (*.{star,mrcs})", "Input STAR file or MRC stack with the 2D references to be used for picking. Note that the absolute greyscale needs to be correct, so only use images created by RELION itself, e.g. by 2D class averaging or projecting a RELION reconstruction.");
"do_ref3d"]= JobOption("OR: provide a 3D reference?", false, "Set this option to Yes if you want to provide a 3D map, which will be projected into multiple directions to generate 2D references.");
"fn_ref3d_autopick","3D reference:", NODE_MAP_CPIPE, "", "Input reference (*.{mrc})", "Input MRC file with the 3D reference maps, from which 2D references will be made by projection. Note that the absolute greyscale needs to be correct, so only use maps created by RELION itself from this data set.");
"ref3d_symmetry","Symmetry:", std::string("C1"), "Symmetry point group of the 3D reference. Only projections in the asymmetric part of the sphere will be generated.");
"ref3d_sampling","3D angular sampling:", job_sampling_options, 0, "There are only a few discrete \
"lowpass","Lowpass filter references (A)", 20, 10, 100, 5, "Lowpass filter that will be applied to the references before template matching. Do NOT use very high-resolution templates to search your micrographs. The signal will be too weak at high resolution anyway, and you may find Einstein from noise.... Give a negative value to skip the lowpass filter.");
"highpass","Highpass filter (A)", -1, 100, 1000, 100, "Highpass filter that will be applied to the micrographs. This may be useful to get rid of background ramps due to uneven ice distributions. Give a negative value to skip the highpass filter.  Useful values are often in the range of 200-400 Angstroms.");
"angpix_ref","Pixel size in references (A)", -1, 0.3, 5, 0.1, "Pixel size in Angstroms for the provided reference images. This will be used to calculate the filters and the particle diameter in pixels. If a negative value is given here, the pixel size in the references will be assumed to be the same as the one in the micrographs, i.e. the particles that were used to make the references were not rescaled upon extraction.");
"psi_sampling_autopick","In-plane angular sampling (deg)", 5, 1, 30, 1, "Angular sampling in degrees for exhaustive searches of the in-plane rotations for all references.");
"do_invert_refs","References have inverted contrast?", true, "Set to Yes to indicate that the reference have inverted contrast with respect to the particles in the micrographs.");
"do_ctf_autopick","Are References CTF corrected?", true, "Set to Yes if the references were created with CTF-correction inside RELION. \n \n If set to Yes, the input micrographs can only be given as a STAR file, which should contain the CTF information for each micrograph.");
"do_ignore_first_ctfpeak_autopick","Ignore CTFs until first peak?", false,"Set this to Yes, only if this option was also used to generate the references.");
"threshold_autopick","Picking threshold:", 0.05, 0, 1., 0.01, "Use lower thresholds to pick more particles (and more junk probably).\
"mindist_autopick","Minimum inter-particle distance (A):", 100, 0, 1000, 20, "Particles closer together than this distance will be consider to be a single cluster. From each cluster, only one particle will be picked. \
"maxstddevnoise_autopick","Maximum stddev noise:", 1.1, 0.9, 1.5, 0.02, "This is useful to prevent picking in carbon areas, or areas with big contamination features. Peaks in areas where the background standard deviation in the normalized micrographs is higher than this value will be ignored. Useful values are probably in the range 1.0 to 1.2. Set to -1 to switch off the feature to eliminate peaks due to high background standard deviations.\
"minavgnoise_autopick","Minimum avg noise:", -999., -2, 0.5, 0.05, "This is useful to prevent picking in carbon areas, or areas with big contamination features. Peaks in areas where the background standard deviation in the normalized micrographs is higher than this value will be ignored. Useful values are probably in the range -0.5 to 0. Set to -999 to switch off the feature to eliminate peaks due to low average background densities.\
"do_write_fom_maps","Write FOM maps?", false, "If set to Yes, intermediate probability maps will be written out, which (upon reading them back in) will speed up tremendously the optimization of the threshold and inter-particle distance parameters. However, with this option, one cannot run in parallel, as disc I/O is very heavy with this option set.");
"do_read_fom_maps","Read FOM maps?", false, "If written out previously, read the FOM maps back in and re-run the picking to quickly find the optimal threshold and inter-particle distance parameters");
"shrink","Shrink factor:", 0, 0, 1, 0.1, "This is useful to speed up the calculations, and to make them less memory-intensive. The micrographs will be downscaled (shrunk) to calculate the cross-correlations, and peak searching will be done in the downscaled FOM maps. When set to 0, the micrographs will de downscaled to the lowpass filter of the references, a value between 0 and 1 will downscale the micrographs by that factor. Note that the results will not be exactly the same when you shrink micrographs!\
"use_gpu","Use GPU acceleration?", false, "If set to Yes, the job will try to use GPU acceleration. The Laplacian-of-Gaussian picker does not support GPU.");
"gpu_ids","Which GPUs to use:", std::string(""), "This argument is not necessary. If left empty, the job itself will try to allocate available GPU resources. You can override the default allocation by providing a list of which GPUs (0,1,2,3, etc) to use. MPI-processes are separated by ':'. For example: 0:1:0:1:0:1");
"do_pick_helical_segments","Pick 2D helical segments?", false, "Set to Yes if you want to pick 2D helical segments.");
"do_amyloid","Pick amyloid segments?", false, "Set to Yes if you want to use the algorithm that was developed specifically for picking amyloids.");
"helical_tube_outer_diameter","Tube diameter (A): ", 200, 100, 1000, 10, "Outer diameter (in Angstroms) of helical tubes. \
"helical_nr_asu","Number of unique asymmetrical units:", 1, 1, 100, 1, "Number of unique helical asymmetrical units in each segment box. This integer should not be less than 1. The inter-box distance (pixels) = helical rise (Angstroms) * number of asymmetrical units / pixel size (Angstroms). \
"helical_rise","Helical rise (A):", -1, 0, 100, 0.01, "Helical rise in Angstroms. (Please click '?' next to the option above for details about how the inter-box distance is calculated.)");
"helical_tube_kappa_max","Maximum curvature (kappa): ", 0.1, 0.05, 0.5, 0.01, "Maximum curvature allowed for picking helical tubes. \
"helical_tube_length_min","Minimum length (A): ", -1, 100, 1000, 10, "Minimum length (in Angstroms) of helical tubes for auto-picking. \
    joboptions["star_mics"]= JobOption("micrograph STAR file: ", NODE_MICS_CPIPE, "", "Input STAR file (*.{star})", "Filename of the STAR file that contains all micrographs from which to extract particles.");
    joboptions["coords_suffix","Input coordinates: ", NODE_COORDS_CPIPE, "", "Input coordinates list file (*.star)", "Starfile with a 2-column list of micrograph names and corresponding coordinate filenames (in .star, .box or as 2 or 3-column free text format)");
"do_reextract","OR re-extract refined particles? ", false, "If set to Yes, the input Coordinates above will be ignored. Instead, one uses a _data.star file from a previous 2D or 3D refinement to re-extract the particles in that refinement, possibly re-centered with their refined origin offsets. This is particularly useful when going from binned to unbinned particles.");
"fndata_reextract","Refined particles STAR file: ", NODE_PARTS_CPIPE, "", "Input STAR file (*.{star})", "Filename of the STAR file with the refined particle coordinates, e.g. from a previous 2D or 3D classification or auto-refine run.");
"do_reset_offsets","Reset the refined offsets to zero? ", false, "If set to Yes, the input origin offsets will be reset to zero. This may be useful after 2D classification of helical segments, where one does not want neighbouring segments to be translated on top of each other for a subsequent 3D refinement or classification.");
"do_recenter","OR: re-center refined coordinates? ", false, "If set to Yes, the input coordinates will be re-centered according to the refined origin offsets in the provided _data.star file. The unit is pixel, not angstrom. The origin is at the center of the box, not at the corner.");
"recenter_x","Re-center on X-coordinate (in pix): ", std::string("0"), "Re-extract particles centered on this X-coordinate (in pixels in the reference)");
"recenter_y","Re-center on Y-coordinate (in pix): ", std::string("0"), "Re-extract particles centered on this Y-coordinate (in pixels in the reference)");
"recenter_z","Re-center on Z-coordinate (in pix): ", std::string("0"), "Re-extract particles centered on this Z-coordinate (in pixels in the reference)");
"extract_size","Particle box size (pix):", 128, 64, 512, 8, "Size of the extracted particles (in pixels). This should be an even number!");
"do_invert","Invert contrast?", true, "If set to Yes, the contrast in the particles will be inverted.");
"do_float16","Write output in float16?", true ,"If set to Yes, this program will write output images in float16 MRC format. This will save a factor of two in disk space compared to the default of writing in float32. Note that RELION and CCPEM will read float16 images, but other programs may not (yet) do so.");
"do_norm","Normalize particles?", true, "If set to Yes, particles will be normalized in the way RELION prefers it.");
"bg_diameter","Diameter background circle (pix): ", -1, -1, 600, 10, "Particles will be normalized to a mean value of zero and a standard-deviation of one for all pixels in the background area.\
"white_dust","Stddev for white dust removal: ", -1, -1, 10, 0.1, "Remove very white pixels from the extracted particles. \
"black_dust","Stddev for black dust removal: ", -1, -1, 10, 0.1, "Remove very black pixels from the extracted particles. \
"do_rescale","Rescale particles?", false, "If set to Yes, particles will be re-scaled. Note that the particle diameter below will be in the down-scaled images.");
"rescale","Re-scaled size (pixels): ", 128, 64, 512, 8, "The re-scaled value needs to be an even number");
"do_fom_threshold","Use autopick FOM threshold?", false, "If set to Yes, only particles with rlnAutopickFigureOfMerit values below the threshold below will be extracted.");
"minimum_pick_fom","Minimum autopick FOM: ", 0, -5, 10, 0.1, "The minimum value for the rlnAutopickFigureOfMerit for particles to be extracted.");
"do_extract_helix","Extract helical segments?", false, "Set to Yes if you want to extract helical segments. RELION (.star), EMAN2 (.box) and XIMDISP (.coords) formats of tube or segment coordinates are supported.");
"helical_tube_outer_diameter","Tube diameter (A): ", 200, 100, 1000, 10, "Outer diameter (in Angstroms) of helical tubes. \
"helical_bimodal_angular_priors","Use bimodal angular priors?", true, "Normally it should be set to Yes and bimodal angular priors will be applied in the following classification and refinement jobs. \
"do_extract_helical_tubes","Coordinates are start-end only?", true, "Set to Yes if you want to extract helical segments from manually picked tube coordinates (starting and end points of helical tubes in RELION, EMAN or XIMDISP format). \
"do_cut_into_segments","Cut helical tubes into segments?", true, "Set to Yes if you want to extract multiple helical segments with a fixed inter-box distance. \
"helical_nr_asu","Number of unique asymmetrical units:", 1, 1, 100, 1, "Number of unique helical asymmetrical units in each segment box. This integer should not be less than 1. The inter-box distance (pixels) = helical rise (Angstroms) * number of asymmetrical units / pixel size (Angstroms). \
"helical_rise","Helical rise (A):", 1, 0, 100, 0.01, "Helical rise in Angstroms. (Please click '?' next to the option above for details about how the inter-box distance is calculated.)");
"fn_model","Select classes from job:", NODE_OPTIMISER_CPIPE, "", "STAR files (*_optimiser.star)", "A _optimiser.star (or for backwards compatibility also a _model.star) file from a previous 2D or 3D classification run to select classes from.");
"fn_mic","OR select from micrographs.star:", NODE_MICS_CPIPE, "", "STAR files (*.star)", "A micrographs.star file to select micrographs from.");
"fn_data","OR select from particles.star:", NODE_PARTS_CPIPE, "", "STAR files (*.star)", "A particles.star file to select individual particles from.");
"do_class_ranker","Automatically select 2D classes?", false, "If set to True, the class_ranker program will be used to make an automated class selection, based on the parameters below. This option only works when selecting classes from a relion_refine job (input optimiser.star on the I.O tab)");
"rank_threshold","Minimum threshold for auto-selection: ", 0.5, 0, 1, 0.05, "Only classes with a pre dicted threshold above this value will be selected.");
"select_nr_parts","Select at least this many particles: ", -1, -1, 10000, 500, "Even if they have scores below the minimum threshold, select at least this many particles with the best scores.");
"select_nr_classes","OR: select at least this many classes: ", -1, -1, 24, 1, "Even if they have scores below the minimum threshold, select at least this many classes with the best scores.");
"python_exe","Python executable: ", std::string(default_location), "This version of python should include torch and numpy. We have found that the one from topaz (which is also used for auto-picking) works well. At the LMB, it is here: /public/EM/anaconda3/envs/topaz/bin/python");
"do_recenter","Re-center the class averages?", true, "This option is only used when selecting particles from 2D classes. The selected class averages will all re-centered on their center-of-mass. This is useful when you plane to use these class averages as templates for auto-picking.");
"do_regroup","Regroup the particles?", false, "If set to Yes, then the program will regroup the selected particles in 'more-or-less' the number of groups indicated below. For re-grouping from individual particle _data.star files, a _model.star file with the same prefix should exist, i.e. the particle star file should be generated by relion_refine");
"nr_groups","Approximate nr of groups: ", 1, 50, 20, 1, "It is normal that the actual number of groups may deviate a little from this number. ");
"do_select_values","Select based on metadata values?", false, "If set to Yes, the job will be non-interactive and the selected star file will be based only on the value of the corresponding metadata label. Note that this option is only valid for micrographs or particles STAR files.");
"select_label","Metadata label for subset selection:", (std::string)"rlnCtfMaxResolution", "This column from the input STAR file will be used for the subset selection.");
"select_minval","Minimum metadata value:",  (std::string)"-9999.", "Only lines in the input STAR file with the corresponding metadata value larger than or equal to this value will be included in the subset.");
"select_maxval","Maximum metadata value:",  (std::string)"9999.", "Only lines in the input STAR file with the corresponding metadata value smaller than or equal to this value will be included in the subset.");
"do_discard","OR: select on image statistics?", false, "If set to Yes, the job will be non-interactive and all images in the input star file that have average and/or stddev pixel values that are more than the specified sigma-values away from the ensemble mean will be discarded.");
"discard_label","Metadata label for images:", (std::string)"rlnImageName", "Specify which column from the input STAR contains the names of the images to be used to calculate the average and stddev values.");
"discard_sigma","Sigma-value for discarding images:", 4, 1, 10, 0.1, "Images with average and/or stddev values that are more than this many times the ensemble stddev away from the ensemble mean will be discarded.");
"do_split","OR: split into subsets?", false, "If set to Yes, the job will be non-interactive and the star file will be split into subsets as defined below.");
"do_random","Randomise order before making subsets?:", false, "If set to Yes, the input STAR file order will be randomised. If set to No, the original order in the input STAR file will be maintained.");
"split_size","Subset size: ", 100, 100, 10000, 100, "The number of lines in each of the output subsets. When this is -1, items are divided into a number of subsets specified in the next option.");
"nr_split","OR: number of subsets: ", -1, 1, 50, 1, "Give a positive integer to specify into how many equal-sized subsets the data will be divided. When the subset size is also specified, only this number of subsets, each with the specified size, will be written, possibly missing some items. When this is -1, all items are used, generating as many subsets as necessary.");
"do_remove_duplicates","OR: remove duplicates?", false, "If set to Yes, duplicated particles that are within a given distance are removed leaving only one. Duplicated particles are sometimes generated when particles drift into the same position during alignment. They inflate and invalidate gold-standard FSC calculation.");
"duplicate_threshold","Minimum inter-particle distance (A)", 30, 0, 1000, 1, "Particles within this distance are removed leaving only one.");
"image_angpix","Pixel size before extraction (A)", -1, -1, 10, 0.01, "The pixel size of particles (relevant to rlnOriginX/Y) is read from the STAR file. When the pixel size of the original micrograph used for auto-picking and extraction (relevant to rlnCoordinateX/Y) is different, specify it here. In other words, this is the pixel size after binning during motion correction, but before down-sampling during extraction.");
"fn_img","Input images STAR file:", NODE_PARTS_CPIPE, "", "STAR files (*.star) \t Image stacks (not recommended, read help!) (*.{spi,mrcs})", "A STAR file with all images (and their metadata). \n \n Alternatively, you may give a Spider/MRC stack of 2D images, but in that case NO metadata can be included and thus NO CTF correction can be performed, \
"fn_cont","Continue from here: ", std::string(""), "STAR Files (*_optimiser.star)", "CURRENT_ODIR",  "Select the *_optimiser.star file for the iteration \
"do_ctf_correction","Do CTF-correction?", true, "If set to Yes, CTFs will be corrected inside the MAP refinement. \
"ctf_intact_first_peak","Ignore CTFs until first peak?", false, "If set to Yes, then CTF-amplitude correction will \
"nr_classes","Number of classes:", 1, 1, 50, 1, "The number of classes (K) for a multi-reference refinement. \
"tau_fudge","Regularisation parameter T:", 2 , 0.1, 10, 0.1, "Bayes law strictly determines the relative weight between \
"do_em","Use EM algorithm?", false, "If set to Yes, the slower expectation-maximization algorithm will be used. This was the default option in releases prior to 4.0-beta. If set to No, then one needs to use the (faster) VDAM (variable metric gradient descent with adaptive moments) algorithm below. will be used.");
"nr_iter_em","Number of EM iterations:", 25, 1, 50, 1, "Number of EM iterations to be performed. \
"do_grad","Use VDAM algorithm?", true, "If set to Yes, the faster VDAM algorithm will be used. This algorithm was introduced with relion-4.0. If set to No, then the slower EM algorithm needs to be used.");
"nr_iter_grad","Number of VDAM mini-batches:", 200, 50, 500, 10, "Number of mini-batches to be processed using the VDAM algorithm. Using 200 has given good results for many data sets. Using 100 will run faster, at the expense of some quality in the results.");
"particle_diameter","Mask diameter (A):", 200, 0, 1000, 10, "The experimental images will be masked with a soft \
"do_zero_mask","Mask individual particles with zeros?", true, "If set to Yes, then in the individual particles, \
"highres_limit","Limit resolution E-step to (A): ", -1, -1, 20, 1, "If set to a positive number, then the expectation step (i.e. the alignment) will be done only including the Fourier components up to this resolution (in Angstroms). \
"do_center","Center class averages?", true, "If set to Yes, every iteration the class average images will be centered on their center-of-mass. This will only work for positive signals, so the particles should be white.");
"dont_skip_align","Perform image alignment?", true, "If set to No, then rather than \
"psi_sampling","In-plane angular sampling:", 6., 0.5, 20, 0.5, "The sampling rate for the in-plane rotation angle (psi) in degrees. \
"offset_range","Offset search range (pix):", 5, 0, 30, 1, "Probabilities will be calculated only for translations \
"offset_step","Offset search step (pix):", 1, 0.1, 5, 0.1, "Translations will be sampled with this step-size (in pixels).\
"allow_coarser","Allow coarser sampling?", false, "If set to Yes, the program will use coarser angular and translational samplings if the estimated accuracies of the assignments is still low in the earlier iterations. This may speed up the calculations.");
"do_helix","Classify 2D helical segments?", false, "Set to Yes if you want to classify 2D helical segments. Note that the helical segments should come with priors of psi angles");
"helical_tube_outer_diameter","Tube diameter (A): ", 200, 100, 1000, 10, "Outer diameter (in Angstroms) of helical tubes. \
"do_bimodal_psi","Do bimodal angular searches?", true, "Do bimodal search for psi angles? \
"range_psi","Angular search range - psi (deg):", 6, 3, 30, 1, "Local angular searches will be performed \
"do_restrict_xoff","Restrict helical offsets to rise:", true, "Set to Yes if you want to restrict the translational offsets along the helices to the rise of the helix given below. Set to No to allow free (conventional) translational offsets.");
"helical_rise","Helical rise (A):", 4.75, -1, 100, 1, "The helical rise (in Angstroms). Translational offsets along the helical axis will be limited from -rise/2 to +rise/2, with a flat prior.");
"nr_pool","Number of pooled particles:", 3, 1, 16, 1, "Particles are processed in individual batches by MPI followers. During each batch, a stack of particle images is only opened and closed once to improve disk access times. \
"do_parallel_discio","Use parallel disc I/O?", true, "If set to Yes, all MPI followers will read images from disc. \
"do_preread_images","Pre-read all particles into RAM?", false, "If set to Yes, all particle images will be read into computer memory, which will greatly speed up calculations on systems with slow disk access. However, one should of course be careful with the amount of RAM available. \
"scratch_dir","Copy particles to scratch directory:", std::string(default_scratch), "If a directory is provided here, then the job will create a sub-directory in it called relion_volatile. If that relion_volatile directory already exists, it will be wiped. Then, the program will copy all input particles into a large stack inside the relion_volatile subdirectory. \
"do_combine_thru_disc","Combine iterations through disc?", false, "If set to Yes, at the end of every iteration all MPI followers will write out a large file with their accumulated results. The MPI leader will read in all these files, combine them all, and write out a new file with the combined results. \
"use_gpu","Use GPU acceleration?", false, "If set to Yes, the job will try to use GPU acceleration.");
"gpu_ids","Which GPUs to use:", std::string(""), "This argument is not necessary. If left empty, the job itself will try to allocate available GPU resources. You can override the default allocation by providing a list of which GPUs (0,1,2,3, etc) to use. MPI-processes are separated by ':', threads by ','. For example: '0,0:1,1:0,0:1,1'");
"fn_img","Input images STAR file:", NODE_PARTS_CPIPE, "", "STAR files (*.star) \t Image stacks (not recommended, read help!) (*.{spi,mrcs})", "A STAR file with all images (and their metadata). \
"fn_cont","Continue from here: ", std::string(""), "STAR Files (*_optimiser.star)", "CURRENT_ODIR", "Select the *_optimiser.star file for the iteration \
"nr_iter","Number of VDAM mini-batches:", 200, 50, 500, 10, "How many iterations (i.e. mini-batches) to perform with the VDAM algorithm?");
"tau_fudge","Regularisation parameter T:", 4 , 0.1, 10, 0.1, "Bayes law strictly determines the relative weight between \
"nr_classes","Number of classes:", 1, 1, 50, 1, "The number of classes (K) for a multi-reference ab initio SGD refinement. \
"sym_name","Symmetry:", std::string("C1"), "The initial model is always generated in C1 and then aligned to and symmetrized with the specified point group. If the automatic alignment fails, please manually rotate run_itNNN_class001.mrc (NNN is the number of iterations) so that it conforms the symmetry convention.");
"do_run_C1","Run in C1 and apply symmetry later? ", true, "If set to Yes, the gradient-driven optimisation is run in C1 and the symmetry orientation is searched and applied later. If set to No, the entire optimisation is run in the symmetry point group indicated above.");
"particle_diameter","Mask diameter (A):", 200, 0, 1000, 10, "The experimental images will be masked with a soft \
"do_solvent","Flatten and enforce non-negative solvent?", true, "If set to Yes, the job will apply a spherical mask and enforce all values in the reference to be non-negative.");
	//joboptions["do_zero_mask","Mask individual particles with zeros?", true, "If set to Yes, then in the individual particles, \
"do_ctf_correction","Do CTF-correction?", true, "If set to Yes, CTFs will be corrected inside the MAP refinement. \
"ctf_intact_first_peak","Ignore CTFs until first peak?", false, "If set to Yes, then CTF-amplitude correction will \
"do_parallel_discio","Use parallel disc I/O?", true, "If set to Yes, all MPI followers will read their own images from disc. \
"nr_pool","Number of pooled particles:", 3, 1, 16, 1, "Particles are processed in individual batches by MPI followers. During each batch, a stack of particle images is only opened and closed once to improve disk access times. \
"do_preread_images","Pre-read all particles into RAM?", false, "If set to Yes, all particle images will be read into computer memory, which will greatly speed up calculations on systems with slow disk access. However, one should of course be careful with the amount of RAM available. \
"scratch_dir","Copy particles to scratch directory:", std::string(default_scratch), "If a directory is provided here, then the job will create a sub-directory in it called relion_volatile. If that relion_volatile directory already exists, it will be wiped. Then, the program will copy all input particles into a large stack inside the relion_volatile subdirectory. \
"do_combine_thru_disc","Combine iterations through disc?", false, "If set to Yes, at the end of every iteration all MPI followers will write out a large file with their accumulated results. The MPI leader will read in all these files, combine them all, and write out a new file with the combined results. \
"use_gpu","Use GPU acceleration?", false, "If set to Yes, the job will try to use GPU acceleration.");
"gpu_ids","Which GPUs to use:", std::string(""), "This argument is not necessary. If left empty, the job itself will try to allocate available GPU resources. You can override the default allocation by providing a list of which GPUs (0,1,2,3, etc) to use. MPI-processes are separated by ':', threads by ','. For example: '0,0:1,1:0,0:1,1'");
"fn_img","Input images STAR file:", NODE_PARTS_CPIPE, "", "STAR files (*.star) \t Image stacks (not recommended, read help!) (*.{spi,mrcs})", "A STAR file with all images (and their metadata). \n \n Alternatively, you may give a Spider/MRC stack of 2D images, but in that case NO metadata can be included and thus NO CTF correction can be performed, \
"fn_cont","Continue from here: ", std::string(""), "STAR Files (*_optimiser.star)", "CURRENT_ODIR", "Select the *_optimiser.star file for the iteration \
"fn_ref","Reference map:", NODE_MAP_CPIPE, "", "Image Files (*.{spi,vol,mrc})", "A 3D map in MRC/Spider format. \
"fn_mask","Reference mask (optional):", NODE_MASK_CPIPE, "", "Image Files (*.{spi,vol,msk,mrc})", "\
"ref_correct_greyscale","Ref. map is on absolute greyscale?", false, "Probabilities are calculated based on a Gaussian noise model, \
"ini_high","Initial low-pass filter (A):", 60, 0, 200, 5, "It is recommended to strongly low-pass filter your initial reference map. \
"sym_name","Symmetry:", std::string("C1"), "If the molecule is asymmetric, \
"do_ctf_correction","Do CTF-correction?", true, "If set to Yes, CTFs will be corrected inside the MAP refinement. \
"ctf_intact_first_peak","Ignore CTFs until first peak?", false, "If set to Yes, then CTF-amplitude correction will \
"nr_classes","Number of classes:", 1, 1, 50, 1, "The number of classes (K) for a multi-reference refinement. \
"tau_fudge","Regularisation parameter T:", 4 , 0.1, 10, 0.1, "Bayes law strictly determines the relative weight between \
"nr_iter","Number of iterations:", 25, 1, 50, 1, "Number of iterations to be performed. \
"do_fast_subsets","Use fast subsets (for large data sets)?", false, "If set to Yes, the first 5 iterations will be done with random subsets of only K*1500 particles (K being the number of classes); the next 5 with K*4500 particles, the next 5 with 30% of the data set; and the final ones with all data. This was inspired by a cisTEM implementation by Niko Grigorieff et al.");
"particle_diameter","Mask diameter (A):", 200, 0, 1000, 10, "The experimental images will be masked with a soft \
"do_zero_mask","Mask individual particles with zeros?", true, "If set to Yes, then in the individual particles, \
"highres_limit","Limit resolution E-step to (A): ", -1, -1, 20, 1, "If set to a positive number, then the expectation step (i.e. the alignment) will be done only including the Fourier components up to this resolution (in Angstroms). \
"dont_skip_align","Perform image alignment?", true, "If set to No, then rather than \
"sampling","Angular sampling interval:", job_sampling_options, 2, "There are only a few discrete \
"offset_range","Offset search range (pix):", 5, 0, 30, 1, "Probabilities will be calculated only for translations \
"offset_step","Offset search step (pix):", 1, 0.1, 5, 0.1, "Translations will be sampled with this step-size (in pixels).\
"do_local_ang_searches","Perform local angular searches?", false, "If set to Yes, then rather than \
"sigma_angles","Local angular search range:", 5., 0, 15, 0.1, "Local angular searches will be performed \
"allow_coarser","Allow coarser sampling?", false, "If set to Yes, the program will use coarser angular and translational samplings if the estimated accuracies of the assignments is still low in the earlier iterations. This may speed up the calculations.");
"relax_sym","Relax symmetry:", std::string(""), "With this option, poses related to the standard local angular search range by the given point group will also be explored. For example, if you have a pseudo-symmetric dimer A-A', refinement or classification in C1 with symmetry relaxation by C2 might be able to improve distinction between A and A'. Note that the reference must be more-or-less aligned to the convention of (pseudo-)symmetry operators. For details, see Ilca et al 2019 and Abrishami et al 2020 cited in the About dialog.");
"do_helix","Do helical reconstruction?", false, "If set to Yes, then perform 3D helical reconstruction.");
"helical_tube_inner_diameter","Tube diameter - inner (A):", std::string("-1"),"Inner and outer diameter (in Angstroms) of the reconstructed helix spanning across Z axis. \
"helical_tube_outer_diameter","Tube diameter - outer (A):", std::string("-1"),"Inner and outer diameter (in Angstroms) of the reconstructed helix spanning across Z axis. \
"range_rot","Angular search range - rot (deg):", std::string("-1"), "Local angular searches will be performed \
"range_tilt","Angular search range - tilt (deg):", std::string("15"), "Local angular searches will be performed \
"range_psi","Angular search range - psi (deg):", std::string("10"), "Local angular searches will be performed \
"do_apply_helical_symmetry","Apply helical symmetry?", true, "If set to Yes, helical symmetry will be applied in every iteration. Set to No if you have just started a project, helical symmetry is unknown or not yet estimated.");
"helical_nr_asu","Number of unique asymmetrical units:", 1, 1, 100, 1, "Number of unique helical asymmetrical units in each segment box. If the inter-box distance (set in segment picking step) \
"helical_twist_initial"] =  JobOption("Initial helical twist (deg):", std::string("0"),"Initial helical symmetry. Set helical twist (in degrees) to positive value if it is a right-handed helix. \
"helical_rise_initial","Initial helical rise (A):", std::string("0"), "Initial helical symmetry. Set helical twist (in degrees) to positive value if it is a right-handed helix. \
"helical_z_percentage","Central Z length (%):", 30., 5., 80., 1., "Reconstructed helix suffers from inaccuracies of orientation searches. \
"do_local_search_helical_symmetry","Do local searches of symmetry?", false, "If set to Yes, then perform local searches of helical twist and rise within given ranges.");
"helical_twist_min","Helical twist search (deg) - Min:", std::string("0"), "Minimum, maximum and initial step for helical twist search. Set helical twist (in degrees) \
"helical_twist_max","Helical twist search (deg) - Max:", std::string("0"), "Minimum, maximum and initial step for helical twist search. Set helical twist (in degrees) \
"helical_twist_inistep","Helical twist search (deg) - Step:", std::string("0"), "Minimum, maximum and initial step for helical twist search. Set helical twist (in degrees) \
"helical_rise_min","Helical rise search (A) - Min:", std::string("0"), "Minimum, maximum and initial step for helical rise search. Helical rise is a positive value in Angstroms. \
"helical_rise_max","Helical rise search (A) - Max:", std::string("0"), "Minimum, maximum and initial step for helical rise search. Helical rise is a positive value in Angstroms. \
"helical_rise_inistep","Helical rise search (A) - Step:", std::string("0"), "Minimum, maximum and initial step for helical rise search. Helical rise is a positive value in Angstroms. \
"helical_range_distance","Range factor of local averaging:", -1., 1., 5., 0.1, "Local averaging of orientations and translations will be performed within a range of +/- this value * the box size. Polarities are also set to be the same for segments coming from the same tube during local refinement. \
"keep_tilt_prior_fixed","Keep tilt-prior fixed:", true, "If set to yes, the tilt prior will not change during the optimisation. If set to No, at each iteration the tilt prior will move to the optimal tilt value for that segment from the previous iteration.");
"do_parallel_discio","Use parallel disc I/O?", true, "If set to Yes, all MPI followers will read their own images from disc. \
"nr_pool","Number of pooled particles:", 3, 1, 16, 1, "Particles are processed in individual batches by MPI followers. During each batch, a stack of particle images is only opened and closed once to improve disk access times. \
"do_pad1","Skip padding?", false, "If set to Yes, the calculations will not use padding in Fourier space for better interpolation in the references. Otherwise, references are padded 2x before Fourier transforms are calculated. Skipping padding (i.e. use --pad 1) gives nearly as good results as using --pad 2, but some artifacts may appear in the corners from signal that is folded back.");
"do_preread_images","Pre-read all particles into RAM?", false, "If set to Yes, all particle images will be read into computer memory, which will greatly speed up calculations on systems with slow disk access. However, one should of course be careful with the amount of RAM available. \
"scratch_dir","Copy particles to scratch directory:", std::string(default_scratch), "If a directory is provided here, then the job will create a sub-directory in it called relion_volatile. If that relion_volatile directory already exists, it will be wiped. Then, the program will copy all input particles into a large stack inside the relion_volatile subdirectory. \
"do_combine_thru_disc","Combine iterations through disc?", false, "If set to Yes, at the end of every iteration all MPI followers will write out a large file with their accumulated results. The MPI leader will read in all these files, combine them all, and write out a new file with the combined results. \
"use_gpu","Use GPU acceleration?", false, "If set to Yes, the job will try to use GPU acceleration.");
"gpu_ids","Which GPUs to use:", std::string(""), "This argument is not necessary. If left empty, the job itself will try to allocate available GPU resources. You can override the default allocation by providing a list of which GPUs (0,1,2,3, etc) to use. MPI-processes are separated by ':', threads by ','.  For example: '0,0:1,1:0,0:1,1'");
"in_optimisation","Input optimisation set: ", OUTNODE_TOMO_OPTIMISATION, "", "Optimisation set STAR file (*.star)", "Input tomo optimisation set. Input images STAR file, reference halfmaps and reference mask files will be extracted. If input files are specified below, then they will override the components in this optimisation set.");
"fn_img","Input images STAR file:", NODE_PARTS_CPIPE, "", "STAR files (*.star) \t Image stacks (not recommended, read help!) (*.{spi,mrcs})", "A STAR file with all images (and their metadata). \n \n Alternatively, you may give a Spider/MRC stack of 2D images, but in that case NO metadata can be included and thus NO CTF correction can be performed, \
"fn_cont","Continue from here: ", std::string(""), "STAR Files (*_it*_optimiser.star)", "CURRENT_ODIR", "Select the *_optimiser.star file for the iteration \
"fn_ref","Reference map:", NODE_MAP_CPIPE, "", "Image Files (*.{spi,vol,mrc})", "A 3D map in MRC/Spider format. \
"fn_mask","Reference mask (optional):", NODE_MASK_CPIPE, "", "Image Files (*.{spi,vol,msk,mrc})", "\
"ref_correct_greyscale","Ref. map is on absolute greyscale?", false, "Probabilities are calculated based on a Gaussian noise model, \
"ini_high","Initial low-pass filter (A):", 60, 0, 200, 5, "It is recommended to strongly low-pass filter your initial reference map. \
"sym_name","Symmetry:", std::string("C1"), "If the molecule is asymmetric, \
"do_ctf_correction","Do CTF-correction?", true, "If set to Yes, CTFs will be applied to the projections of the map. This requires that CTF information is present in the input STAR file.");
"ctf_intact_first_peak","Ignore CTFs until first peak?", false, "If set to Yes, then CTF-amplitude correction will \
"particle_diameter","Mask diameter (A):", 200, 0, 1000, 10, "The experimental images will be masked with a soft \
"do_zero_mask","Mask individual particles with zeros?", true, "If set to Yes, then in the individual particles, \
"do_solvent_fsc","Use solvent-flattened FSCs?", false, "If set to Yes, then instead of using unmasked maps to calculate the gold-standard FSCs during refinement, \
"sampling","Initial angular sampling:", job_sampling_options, 2, "There are only a few discrete \
"offset_range","Initial offset range (pix):", 5, 0, 30, 1, "Probabilities will be calculated only for translations \
"offset_step","Initial offset step (pix):", 1, 0.1, 5, 0.1, "Translations will be sampled with this step-size (in pixels).\
"auto_local_sampling","Local searches from auto-sampling:", job_sampling_options, 4, "In the automated procedure to \
"relax_sym","Relax symmetry:", std::string(""), "With this option, poses related to the standard local angular search range by the given point group will also be explored. For example, if you have a pseudo-symmetric dimer A-A', refinement or classification in C1 with symmetry relaxation by C2 might be able to improve distinction between A and A'. Note that the reference must be more-or-less aligned to the convention of (pseudo-)symmetry operators. For details, see Ilca et al 2019 and Abrishami et al 2020 cited in the About dialog.");
"auto_faster","Use finer angular sampling faster?", false, "If set to Yes, then let auto-refinement proceed faster with finer angular samplings. Two additional command-line options will be passed to the refine program: \n \n \
"do_helix","Do helical reconstruction?", false, "If set to Yes, then perform 3D helical reconstruction.");
"helical_tube_inner_diameter","Tube diameter - inner (A):", std::string("-1"),"Inner and outer diameter (in Angstroms) of the reconstructed helix spanning across Z axis. \
"helical_tube_outer_diameter","Tube diameter - outer (A):", std::string("-1"),"Inner and outer diameter (in Angstroms) of the reconstructed helix spanning across Z axis. \
"range_rot","Angular search range - rot (deg):", std::string("-1"), "Local angular searches will be performed \
"range_tilt","Angular search range - tilt (deg):", std::string("15"), "Local angular searches will be performed \
"range_psi","Angular search range - psi (deg):", std::string("10"), "Local angular searches will be performed \
"do_apply_helical_symmetry","Apply helical symmetry?", true, "If set to Yes, helical symmetry will be applied in every iteration. Set to No if you have just started a project, helical symmetry is unknown or not yet estimated.");
"helical_nr_asu","Number of unique asymmetrical units:", 1, 1, 100, 1, "Number of unique helical asymmetrical units in each segment box. If the inter-box distance (set in segment picking step) \
"helical_twist_initial"] =  JobOption("Initial helical twist (deg):", std::string("0"),"Initial helical symmetry. Set helical twist (in degrees) to positive value if it is a right-handed helix. \
"helical_rise_initial","Initial helical rise (A):", std::string("0"), "Initial helical symmetry. Set helical twist (in degrees) to positive value if it is a right-handed helix. \
"helical_z_percentage","Central Z length (%):", 30., 5., 80., 1., "Reconstructed helix suffers from inaccuracies of orientation searches. \
"do_local_search_helical_symmetry","Do local searches of symmetry?", false, "If set to Yes, then perform local searches of helical twist and rise within given ranges.");
"helical_twist_min","Helical twist search (deg) - Min:", std::string("0"), "Minimum, maximum and initial step for helical twist search. Set helical twist (in degrees) \
"helical_twist_max","Helical twist search (deg) - Max:", std::string("0"), "Minimum, maximum and initial step for helical twist search. Set helical twist (in degrees) \
"helical_twist_inistep","Helical twist search (deg) - Step:", std::string("0"), "Minimum, maximum and initial step for helical twist search. Set helical twist (in degrees) \
"helical_rise_min","Helical rise search (A) - Min:", std::string("0"), "Minimum, maximum and initial step for helical rise search. Helical rise is a positive value in Angstroms. \
"helical_rise_max","Helical rise search (A) - Max:", std::string("0"), "Minimum, maximum and initial step for helical rise search. Helical rise is a positive value in Angstroms. \
"helical_rise_inistep","Helical rise search (A) - Step:", std::string("0"), "Minimum, maximum and initial step for helical rise search. Helical rise is a positive value in Angstroms. \
"helical_range_distance","Range factor of local averaging:", -1., 1., 5., 0.1, "Local averaging of orientations and translations will be performed within a range of +/- this value * the box size. Polarities are also set to be the same for segments coming from the same tube during local refinement. \
"keep_tilt_prior_fixed","Keep tilt-prior fixed:", true, "If set to yes, the tilt prior will not change during the optimisation. If set to No, at each iteration the tilt prior will move to the optimal tilt value for that segment from the previous iteration.");
"do_parallel_discio","Use parallel disc I/O?", true, "If set to Yes, all MPI followers will read their own images from disc. \
"nr_pool","Number of pooled particles:", 3, 1, 16, 1, "Particles are processed in individual batches by MPI followers. During each batch, a stack of particle images is only opened and closed once to improve disk access times. \
"do_pad1","Skip padding?", false, "If set to Yes, the calculations will not use padding in Fourier space for better interpolation in the references. Otherwise, references are padded 2x before Fourier transforms are calculated. Skipping padding (i.e. use --pad 1) gives nearly as good results as using --pad 2, but some artifacts may appear in the corners from signal that is folded back.");
"do_preread_images","Pre-read all particles into RAM?", false, "If set to Yes, all particle images will be read into computer memory, which will greatly speed up calculations on systems with slow disk access. However, one should of course be careful with the amount of RAM available. \
"scratch_dir","Copy particles to scratch directory:", std::string(default_scratch), "If a directory is provided here, then the job will create a sub-directory in it called relion_volatile. If that relion_volatile directory already exists, it will be wiped. Then, the program will copy all input particles into a large stack inside the relion_volatile subdirectory. \
"do_combine_thru_disc","Combine iterations through disc?", false, "If set to Yes, at the end of every iteration all MPI followers will write out a large file with their accumulated results. The MPI leader will read in all these files, combine them all, and write out a new file with the combined results. \
"use_gpu","Use GPU acceleration?", false, "If set to Yes, the job will try to use GPU acceleration.");
"gpu_ids","Which GPUs to use:", std::string(""), "This argument is not necessary. If left empty, the job itself will try to allocate available GPU resources. You can override the default allocation by providing a list of which GPUs (0,1,2,3, etc) to use. MPI-processes are separated by ':', threads by ','.  For example: '0,0:1,1:0,0:1,1'");
"fn_in","Consensus refinement optimiser.star: ", std::string(""), "STAR Files (run_it*_optimiser.star)", "Refine3D/.", "Select the *_optimiser.star file for the iteration of the consensus refinement \
"fn_cont","Continue from here: ", std::string(""), "STAR Files (*_optimiser.star)", "CURRENT_ODIR", "Select the *_optimiser.star file for the iteration \
"fn_bodies","Body STAR file:", std::string(""), "STAR Files (*.{star})", ".", " Provide the STAR file with all information about the bodies to be used in multi-body refinement. \
"do_subtracted_bodies","Reconstruct subtracted bodies?", true, "If set to Yes, then the reconstruction of each of the bodies will use the subtracted images. This may give \
"sampling","Initial angular sampling:", job_sampling_options, 4, "There are only a few discrete \
"offset_range","Initial offset range (pix):", 3, 0, 30, 1, "Probabilities will be calculated only for translations \
"offset_step","Initial offset step (pix):", 0.75, 0.1, 5, 0.1, "Translations will be sampled with this step-size (in pixels).\
"do_analyse","Run flexibility analysis?", true, "If set to Yes, after the multi-body refinement has completed, a PCA analysis will be run on the orientations all all bodies in the data set. This can be set to No initially, and then the job can be continued afterwards to only perform this analysis.");
"nr_movies","Number of eigenvector movies:", 3, 0, 16, 1, "Series of ten output maps will be generated along this many eigenvectors. These maps can be opened as a 'Volume Series' in UCSF Chimera, and then displayed as a movie. They represent the principal motions in the particles.");
"do_select","Select particles based on eigenvalues?", false, "If set to Yes, a particles.star file is written out with all particles that have the below indicated eigenvalue in the selected range.");
"select_eigenval","Select on eigenvalue:", 1, 1, 20, 1, "This is the number of the eigenvalue to be used in the particle subset selection (start counting at 1).");
"eigenval_min","Minimum eigenvalue:", -999., -50, 50, 1, "This is the minimum value for the selected eigenvalue; only particles with the selected eigenvalue larger than this value will be included in the output particles.star file");
"eigenval_max","Maximum eigenvalue:", 999., -50, 50, 1, "This is the maximum value for the selected eigenvalue; only particles with the selected eigenvalue less than this value will be included in the output particles.star file");
"do_parallel_discio","Use parallel disc I/O?", true, "If set to Yes, all MPI followers will read their own images from disc. \
"nr_pool","Number of pooled particles:", 3, 1, 16, 1, "Particles are processed in individual batches by MPI followers. During each batch, a stack of particle images is only opened and closed once to improve disk access times. \
"do_pad1","Skip padding?", false, "If set to Yes, the calculations will not use padding in Fourier space for better interpolation in the references. Otherwise, references are padded 2x before Fourier transforms are calculated. Skipping padding (i.e. use --pad 1) gives nearly as good results as using --pad 2, but some artifacts may appear in the corners from signal that is folded back.");
"do_preread_images","Pre-read all particles into RAM?", false, "If set to Yes, all particle images will be read into computer memory, which will greatly speed up calculations on systems with slow disk access. However, one should of course be careful with the amount of RAM available. \
"scratch_dir","Copy particles to scratch directory:", std::string(default_scratch), "If a directory is provided here, then the job will create a sub-directory in it called relion_volatile. If that relion_volatile directory already exists, it will be wiped. Then, the program will copy all input particles into a large stack inside the relion_volatile subdirectory. \
"do_combine_thru_disc","Combine iterations through disc?", false, "If set to Yes, at the end of every iteration all MPI followers will write out a large file with their accumulated results. The MPI leader will read in all these files, combine them all, and write out a new file with the combined results. \
"use_gpu","Use GPU acceleration?", false, "If set to Yes, the job will try to use GPU acceleration.");
"gpu_ids","Which GPUs to use:", std::string(""), "This argument is not necessary. If left empty, the job itself will try to allocate available GPU resources. You can override the default allocation by providing a list of which GPUs (0,1,2,3, etc) to use. MPI-processes are separated by ':', threads by ','.  For example: '0,0:1,1:0,0:1,1'");
"fn_in","Input 3D map:", NODE_MAP_CPIPE, "", "MRC map files (*.mrc)", "Provide an input MRC map from which to start binarizing the map.");
"lowpass_filter","Lowpass filter map (A)", 15, 10, 100, 5, "Lowpass filter that will be applied to the input map, prior to binarization. To calculate solvent masks, a lowpass filter of 15-20A may work well.");
"angpix","Pixel size (A)", -1, 0.3, 5, 0.1, "Provide the pixel size of the input map in Angstroms to calculate the low-pass filter. This value is also used in the output image header.");
"inimask_threshold","Initial binarisation threshold:", 0.02, 0., 0.5, 0.01, "This threshold is used to make an initial binary mask from the average of the two unfiltered half-reconstructions. \
"extend_inimask","Extend binary map this many pixels:", 3, 0, 20, 1, "The initial binary mask is extended this number of pixels in all directions." );
"width_mask_edge","Add a soft-edge of this many pixels:", 3, 0, 20, 1, "The extended binary mask is further extended with a raised-cosine soft edge of the specified width." );
"do_helix","Mask a 3D helix?", false, "Generate a mask for 3D helix which spans across Z axis of the box.");
"helical_z_percentage","Central Z length (%):", 30., 5., 80., 1., "Reconstructed helix suffers from inaccuracies of orientation searches. \
"do_part","Combine particle STAR files?", false, "");
"fn_part1","Particle STAR file 1: ", NODE_PARTS_CPIPE, "", "particle STAR file (*.star)", "The first of the particle STAR files to be combined.");
"fn_part2","Particle STAR file 2: ", NODE_PARTS_CPIPE, "", "particle STAR file (*.star)", "The second of the particle STAR files to be combined.");
"fn_part3","Particle STAR file 3: ", NODE_PARTS_CPIPE, "", "particle STAR file (*.star)", "The third of the particle STAR files to be combined. Leave empty if there are only two files to be combined.");
"fn_part4","Particle STAR file 4: ", NODE_PARTS_CPIPE, "", "particle STAR file (*.star)", "The fourth of the particle STAR files to be combined. Leave empty if there are only two or three files to be combined.");
"do_mic","Combine micrograph STAR files?", false, "");
"fn_mic1","Micrograph STAR file 1: ", NODE_MICS_CPIPE, "", "micrograph STAR file (*.star)", "The first of the micrograph STAR files to be combined.");
"fn_mic2","Micrograph STAR file 2: ", NODE_MICS_CPIPE, "", "micrograph STAR file (*.star)", "The second of the micrograph STAR files to be combined.");
"fn_mic3","Micrograph STAR file 3: ", NODE_MICS_CPIPE, "", "micrograph STAR file (*.star)", "The third of the micrograph STAR files to be combined. Leave empty if there are only two files to be combined.");
"fn_mic4","Micrograph STAR file 4: ", NODE_MICS_CPIPE, "", "micrograph STAR file (*.star)", "The fourth of the micrograph STAR files to be combined. Leave empty if there are only two or three files to be combined.");
"do_mov","Combine movie STAR files?", false, "");
"fn_mov1","Movie STAR file 1: ", NODE_MOVIES_CPIPE, "", "movie STAR file (*.star)", "The first of the micrograph movie STAR files to be combined.");
"fn_mov2","Movie STAR file 2: ", NODE_MOVIES_CPIPE, "", "movie STAR file (*.star)", "The second of the micrograph movie STAR files to be combined.");
"fn_mov3","Movie STAR file 3: ", NODE_MOVIES_CPIPE, "", "movie STAR file (*.star)", "The third of the micrograph movie STAR files to be combined. Leave empty if there are only two files to be combined.");
"fn_mov4","Movie STAR file 4: ", NODE_MOVIES_CPIPE, "", "movie STAR file (*.star)", "The fourth of the micrograph movie STAR files to be combined. Leave empty if there are only two or three files to be combined.");
"fn_opt","Input optimiser.star: ", NODE_OPTIMISER_CPIPE, "", "STAR Files (*_optimiser.star)", "Select the *_optimiser.star file for the iteration of the 3D refinement/classification \
"fn_mask","Mask of the signal to keep:", NODE_MASK_CPIPE, "", "Image Files (*.{spi,vol,msk,mrc})", "Provide a soft mask where the protein density you wish to subtract from the experimental particles is black (0) and the density you wish to keep is white (1).");
"do_data","Use different particles?", false, "If set to Yes, subtraction will be performed on the particles in the STAR file below, instead of on all the particles of the 3D refinement/classification from the optimiser.star file.");
"fn_data","Input particle star file:", NODE_PARTS_CPIPE, "", "particle STAR file (*.star)", "The particle STAR files with particles that will be used in the subtraction. Leave this field empty if all particles from the input refinement/classification run are to be used.");
"do_float16","Write output in float16?", true ,"If set to Yes, this program will write output images in float16 MRC format. This will save a factor of two in disk space compared to the default of writing in float32. Note that RELION and CCPEM will read float16 images, but other programs may not (yet) do so.");
"do_fliplabel","OR revert to original particles?", false, "If set to Yes, no signal subtraction is performed. Instead, the labels of rlnImageName and rlnImageOriginalName are flipped in the input STAR file given in the field below. This will make the STAR file point back to the original, non-subtracted images.");
"fn_fliplabel","revert this particle star file:", NODE_PARTS_CPIPE, "", "particle STAR file (*.star)", "The particle STAR files with particles that will be used for label reversion.");
"do_center_mask","Do center subtracted images on mask?", true, "If set to Yes, the subtracted particles will be centered on projections of the center-of-mass of the input mask.");
"do_center_xyz","Do center on my coordinates?", false, "If set to Yes, the subtracted particles will be centered on projections of the x,y,z coordinates below. The unit is pixel, not angstrom. The origin is at the center of the box, not at the corner.");
"center_x","Center coordinate (pix) - X:", std::string("0"), "X-coordinate of the 3D center (in pixels).");
"center_y","Center coordinate (pix) - Y:", std::string("0"), "Y-coordinate of the 3D center (in pixels).");
"center_z","Center coordinate (pix) - Z:", std::string("0"), "Z-coordinate of the 3D center (in pixels).");
"new_box","New box size:", -1, 64, 512, 32, "Provide a non-negative value to re-window the subtracted particles in a smaller box size." );
"in_optimisation","Input optimisation set: ", OUTNODE_TOMO_OPTIMISATION, "", "Optimisation set STAR file (*.star)", "Input tomo optimisation set. Half map files will be extracted. If half maps are specified below, then they will override the components in this optimisation set.");
"fn_in","One of the 2 unfiltered half-maps:", NODE_HALFMAP_CPIPE, "", "MRC map files (*half1*.mrc)",  "Provide one of the two unfiltered half-reconstructions that were output upon convergence of a 3D auto-refine run.");
"fn_mask","Solvent mask:", NODE_MASK_CPIPE, "", "Image Files (*.{spi,vol,msk,mrc})", "Provide a soft mask where the protein is white (1) and the solvent is black (0). Often, the softer the mask the higher resolution estimates you will get. A soft edge of 5-10 pixels is often a good edge width.");
"angpix","Calibrated pixel size (A)", -1, 0.3, 5, 0.1, "Provide the final, calibrated pixel size in Angstroms. This value may be different from the pixel-size used thus far, e.g. when you have recalibrated the pixel size using the fit to a PDB model. The X-axis of the output FSC plot will use this calibrated value.");
"do_auto_bfac","Estimate B-factor automatically?", true, "If set to Yes, then the program will use the automated procedure described by Rosenthal and Henderson (2003, JMB) to estimate an overall B-factor for your map, and sharpen it accordingly. \
"autob_lowres","Lowest resolution for auto-B fit (A):", 10, 8, 15, 0.5, "This is the lowest frequency (in Angstroms) that will be included in the linear fit of the Guinier plot as described in Rosenthal and Henderson (2003, JMB). Dont use values much lower or higher than 10 Angstroms. If your map does not extend beyond 10 Angstroms, then instead of the automated procedure use your own B-factor.");
"do_adhoc_bfac","Use your own B-factor?", false, "Instead of using the automated B-factor estimation, provide your own value. Use negative values for sharpening the map. \
"adhoc_bfac","User-provided B-factor:", -1000, -2000, 0, -50, "Use negative values for sharpening. Be careful: if you over-sharpen your map, you may end up interpreting noise for signal!");
"fn_mtf","MTF of the detector (STAR file)", "", "STAR Files (*.star)", ".", "If you know the MTF of your detector, provide it here. Curves for some well-known detectors may be downloaded from the RELION Wiki. Also see there for the exact format \
"mtf_angpix","Original detector pixel size:", 1.0, 0.3, 2.0, 0.1, "This is the original pixel size (in Angstroms) in the raw (non-super-resolution!) micrographs.");
"do_skip_fsc_weighting","Skip FSC-weighting?", false, "If set to No (the default), then the output map will be low-pass filtered according to the mask-corrected, gold-standard FSC-curve. \
"low_pass","Ad-hoc low-pass filter (A):",5,1,40,1,"This option allows one to low-pass filter the map at a user-provided frequency (in Angstroms). When using a resolution that is higher than the gold-standard FSC-reported resolution, take care not to interpret noise in the map for signal...");
"fn_in","One of the 2 unfiltered half-maps:", NODE_HALFMAP_CPIPE, "", "MRC map files (*half1*.mrc)",  "Provide one of the two unfiltered half-reconstructions that were output upon convergence of a 3D auto-refine run.");
"angpix","Calibrated pixel size (A)", 1, 0.3, 5, 0.1, "Provide the final, calibrated pixel size in Angstroms. This value may be different from the pixel-size used thus far, e.g. when you have recalibrated the pixel size using the fit to a PDB model. The X-axis of the output FSC plot will use this calibrated value.");
"do_resmap_locres","Use ResMap?", true, "If set to Yes, then ResMap will be used for local resolution estimation.");
"fn_resmap","ResMap executable:", std::string(default_location), "ResMap*", ".", "Location of the ResMap executable. You can control the default of this field by setting environment variable RELION_RESMAP_EXECUTABLE, or by editing the first few lines in src/gui_jobwindow.h and recompile the code. \n \n Note that the ResMap wrapper cannot use MPI.");
"fn_mask","User-provided solvent mask:", NODE_MASK_CPIPE, "", "Image Files (*.{spi,vol,msk,mrc})", "Provide a mask with values between 0 and 1 around all domains of the complex. ResMap uses this mask for local resolution calculation. RELION does NOT use this mask for calculation, but makes a histogram of local resolution within this mask.");
"pval","P-value:", 0.05, 0., 1., 0.01, "This value is typically left at 0.05. If you change it, report the modified value in your paper!");
"minres","Highest resolution (A): ", 0., 0., 10., 0.1, "ResMaps minRes parameter. By default (0), the program will start at just above 2x the pixel size");
"maxres","Lowest resolution (A): ", 0., 0., 10., 0.1, "ResMaps maxRes parameter. By default (0), the program will stop at 4x the pixel size");
"stepres","Resolution step size (A)", 1., 0.1, 3, 0.1, "ResMaps stepSize parameter." );
"do_relion_locres","Use Relion?", false, "If set to Yes, then relion_postprocess will be used for local-rtesolution estimation. This program basically performs a series of post-processing operations with a small soft, spherical mask that is moved over the entire map, while using phase-randomisation to estimate the convolution effects of that mask. \
	//joboptions["locres_sampling","Sampling rate (A):", 25, 5, 50, 5, "The local-resolution map will be calculated every so many Angstroms, by placing soft spherical masks on a cubic grid with this spacing. Very fine samplings (e.g. < 15A?) may take a long time to compute and give spurious estimates!");
	//joboptions["randomize_at","Frequency for phase-randomisation (A): ", 10., 5, 20., 1, "From this frequency onwards, the phases for the mask-corrected FSC-calculation will be randomized. Make sure this is a lower resolution (i.e. a higher number) than the local resolutions you are after in your map.");
"adhoc_bfac","User-provided B-factor:", -100, -500, 0, -25, "Probably, the overall B-factor as was estimated in the postprocess is a useful value for here. Use negative values for sharpening. Be careful: if you over-sharpen your map, you may end up interpreting noise for signal!");
"fn_mtf","MTF of the detector (STAR file)", "", "STAR Files (*.star)", ".", "The MTF of the detector is used to complement the user-provided B-factor in the sharpening. If you don't have this curve, you can leave this field empty.");
"fn_mic","Micrographs (from MotionCorr):", NODE_MICS_CPIPE,  "", "STAR files (*.star)", "The input STAR file with the micrograph (and their movie metadata) from a MotionCorr job.");
"fn_data","Particles (from Refine3D or CtfRefine):", NODE_PARTS_CPIPE,  "", "STAR files (*.star)", "The input STAR file with the metadata of all particles.");
"fn_post","Postprocess STAR file:", OUTNODE_POST,  "", "STAR files (postprocess.star)", "The STAR file generated by a PostProcess job. \
"do_float16","Write output in float16?", true ,"If set to Yes, this program will write output images in float16 MRC format. This will save a factor of two in disk space compared to the default of writing in float32. Note that RELION and CCPEM will read float16 images, but other programs may not (yet) do so.");
"first_frame","First movie frame: ", 1., 1., 10., 1, "First movie frame to take into account in motion fit and combination step");
"last_frame","Last movie frame: ", -1., 5., 50., 1, "Last movie frame to take into account in motion fit and combination step. Values equal to or smaller than 0 mean 'use all frames'.");
"extract_size","Extraction size (pix in unbinned movie):", -1, 64, 1024, 8, "Size of the extracted particles in the unbinned original movie(in pixels). This should be an even number.");
"rescale","Re-scaled size (pixels): ", -1, 64, 1024, 8, "The re-scaled value needs to be an even number.");
"do_param_optim","Train optimal parameters?", false, "If set to Yes, then relion_motion_refine will estimate optimal parameter values for the three sigma values above on a subset of the data (determined by the minimum number of particles to be used below).");
"eval_frac","Fraction of Fourier pixels for testing: ", 0.5, 0, 1., 0.01, "This fraction of Fourier pixels (at higher resolution) will be used for evaluation of the parameters (test set), whereas the rest (at lower resolution) will be used for parameter estimation itself (work set).");
"optim_min_part","Use this many particles: ", 10000, 5000, 50000, 1000, "Use at least this many particles for the meta-parameter optimisation. The more particles the more expensive in time and computer memory the calculation becomes, but the better the results may get.");
"do_polish","Perform particle polishing?", true, "If set to Yes, then relion_motion_refine will be run to estimate per-particle motion-tracks using the parameters below, and polished particles will be generated.");
"opt_params","Optimised parameter file:", OUTNODE_POLISH_PARAMS,  "", "TXT files (*.txt)", "The output TXT file from a previous Bayesian polishing job in which the optimal parameters were determined.");
"do_own_params","OR use your own parameters?", false, "If set to Yes, then the field for the optimised parameter file will be ignored and the parameters specified below will be used instead.");
"sigma_vel","Sigma for velocity (A/dose): ", 0.2, 1., 10., 0.1, "Standard deviation for the velocity regularisation. Smaller values requires the tracks to be shorter.");
"sigma_div","Sigma for divergence (A): ", 5000, 0, 10000, 10000, "Standard deviation for the divergence of tracks across the micrograph. Smaller values requires the tracks to be spatially more uniform in a micrograph.");
"sigma_acc","Sigma for acceleration (A/dose): ", 2, -1, 7, 0.1, "Standard deviation for the acceleration regularisation. Smaller values requires the tracks to be straighter.");
"minres","Minimum resolution for B-factor fit (A): ", 20, 8, 40, 1, "The minimum spatial frequency (in Angstrom) used in the B-factor fit.");
"maxres","Maximum resolution for B-factor fit (A): ", -1, -1, 15, 1, "The maximum spatial frequency (in Angstrom) used in the B-factor fit. If a negative value is given, the maximum is determined from the input FSC curve.");
"fn_data","Particles (from Refine3D):", NODE_PARTS_CPIPE,  "", "STAR files (*.star)", "The input STAR file with the metadata of all particles.");
"fn_post","Postprocess STAR file:", OUTNODE_POST,  "", "STAR files (postprocess.star)", "The STAR file generated by a PostProcess job. \
"minres","Minimum resolution for fits (A): ", 30, 8, 40, 1, "The minimum spatial frequency (in Angstrom) used in the beamtilt fit.");
"do_ctf","Perform CTF parameter fitting?", true, "If set to Yes, then relion_ctf_refine will be used to estimate the selected parameters below.");
"do_defocus","Fit defocus?", job_ctffit_options, 0, "If set to per-particle or per-micrograph, then relion_ctf_refine will estimate defocus values.");
"do_astig","Fit astigmatism?", job_ctffit_options, 0, "If set to per-particle or per-micrograph, then relion_ctf_refine will estimate astigmatism.");
"do_bfactor","Fit B-factor?", job_ctffit_options, 0, "If set to per-particle or per-micrograph, then relion_ctf_refine will estimate B-factors that describe the signal falloff.");
"do_phase","Fit phase-shift?", job_ctffit_options, 0, "If set to per-particle or per-micrograph, then relion_ctf_refine will estimate (VPP?) phase shift values.");
"do_aniso_mag","Estimate (anisotropic) magnification?", false, "If set to Yes, then relion_ctf_refine will also estimate the (anisotropic) magnification per optics group. \
"do_tilt","Estimate beamtilt?", false, "If set to Yes, then relion_ctf_refine will also estimate the beamtilt per optics group. This option is only recommended for data sets that extend beyond 4.5 Angstrom resolution.");
"do_trefoil","Also estimate trefoil?", false, "If set to Yes, then relion_ctf_refine will also estimate the trefoil (3-fold astigmatism) per optics group. This option is only recommended for data sets that extend beyond 3.5 Angstrom resolution.");
"do_4thorder","Estimate 4th order aberrations?", false, "If set to Yes, then relion_ctf_refine will also estimate the Cs and the tetrafoil (4-fold astigmatism) per optics group. This option is only recommended for data sets that extend beyond 3 Angstrom resolution.");
"fn_exe","External executable:", "", "", ".", "Location of the script that will launch the external program. This script should write all its output in the directory specified with --o. Also, it should write in that same directory a file called RELION_JOB_EXIT_SUCCESS upon successful exit, and RELION_JOB_EXIT_FAILURE upon failure.");
"in_mov","Input movies: ", NODE_MOVIES_CPIPE, "", "movie STAR file (*.star)", "Input movies. This will be passed with a --in_movies argument to the executable.");
"in_mic","Input micrographs: ", NODE_MICS_CPIPE, "", "micrographs STAR file (*.star)", "Input micrographs. This will be passed with a --in_mics argument to the executable.");
"in_part","Input particles: ", NODE_PARTS_CPIPE, "", "particles STAR file (*.star)", "Input particles. This will be passed with a --in_parts argument to the executable.");
"in_coords","Input coordinates: ", NODE_COORDS_CPIPE, "", "STAR files (coords_suffix*.star)", "Input coordinates. This will be passed with a --in_coords argument to the executable.");
"in_3dref","Input 3D reference: ", NODE_MAP_CPIPE, "", "MRC files (*.mrc)", "Input 3D reference map. This will be passed with a --in_3dref argument to the executable.");
"in_mask","Input 3D mask: ", NODE_MASK_CPIPE, "", "MRC files (*.mrc)", "Input 3D mask. This will be passed with a --in_mask argument to the executable.");
"param1_label","Param1 - label:", std::string(""), "Define label and value for optional parameters to the script. These will be passed as an argument --label value");
"param1_value","Param1 - value:" , std::string(""), "Define label and value for optional parameters to the script. These will be passed as an argument --label value");
"param2_label","Param2 - label:", std::string(""), "Define label and value for optional parameters to the script. These will be passed as an argument --label value");
"param2_value","Param2 - value:" , std::string(""), "Define label and value for optional parameters to the script. These will be passed as an argument --label value");
"param3_label","Param3 - label:", std::string(""), "Define label and value for optional parameters to the script. These will be passed as an argument --label value");
"param3_value","Param3 - value:" , std::string(""), "Define label and value for optional parameters to the script. These will be passed as an argument --label value");
"param4_label","Param4 - label:", std::string(""), "Define label and value for optional parameters to the script. These will be passed as an argument --label value");
"param4_value","Param4 - value:" , std::string(""), "Define label and value for optional parameters to the script. These will be passed as an argument --label value");
"param5_label","Param5 - label:", std::string(""), "Define label and value for optional parameters to the script. These will be passed as an argument --label value");
"param5_value","Param5 - value:" , std::string(""), "Define label and value for optional parameters to the script. These will be passed as an argument --label value");
"param6_label","Param6 - label:", std::string(""), "Define label and value for optional parameters to the script. These will be passed as an argument --label value");
"param6_value","Param6 - value:" , std::string(""), "Define label and value for optional parameters to the script. These will be passed as an argument --label value");
"param7_label","Param7 - label:", std::string(""), "Define label and value for optional parameters to the script. These will be passed as an argument --label value");
"param7_value","Param7 - value:" , std::string(""), "Define label and value for optional parameters to the script. These will be passed as an argument --label value");
"param8_label","Param8 - label:", std::string(""), "Define label and value for optional parameters to the script. These will be passed as an argument --label value");
"param8_value","Param8 - value:" , std::string(""), "Define label and value for optional parameters to the script. These will be passed as an argument --label value");
"param9_label","Param9 - label:", std::string(""), "Define label and value for optional parameters to the script. These will be passed as an argument --label value");
"param9_value","Param9 - value:" , std::string(""), "Define label and value for optional parameters to the script. These will be passed as an argument --label value");
"param10_label","Param10 - label:", std::string(""), "Define label and value for optional parameters to the script. These will be passed as an argument --label value");
"param10_value","Param10 - value:" , std::string(""), "Define label and value for optional parameters to the script. These will be passed as an argument --label value");
     joboptions["in_optimisation","Input optimisation set: ", OUTNODE_TOMO_OPTIMISATION, "", "Optimisation set STAR file (*.star)", "Input optimisation set. This will be passed with a --i argument to the executable. If any inidividual components of the optimisation set are specified below, then they will override the components in this optimisation set.");
     if (has_particles) joboptions["in_particles","Input particle set: ", OUTNODE_TOMO_PARTS, "", "Particle STAR file (*.star)", "Input particle set. This will be passed with a --p argument to the executable. If specified, this will override the entry in the input optimisation set. If left empty, the entry from the optimisation set will be used.");
     if (has_tomograms) joboptions["in_tomograms","Input tomogram set: ", OUTNODE_TOMO_TOMOGRAMS, "", "Tomogram set STAR file (*.star)", "Input tomogram set. This will be passed with a --m argument to the executable. If specified, this will override the entry in the input optimisation set. If left empty, the entry from the optimisation set will be used.");
     if (has_trajectories) joboptions["in_trajectories","Input trajectory set: ", OUTNODE_TOMO_TRAJECTORIES, "", "Trajectory set STAR file (*.star)", "Input trajectory set. This will be passed with a --mot argument to the executable. If specified, this will override the entry in the input optimisation set. If left empty, the entry from the optimisation set will be used.");
     if (has_manifolds) joboptions["in_manifolds","Input manifold set: ", OUTNODE_TOMO_MANIFOLDS, "", "Manifold set STAR file (*.star)", "Input manifold set. This will be passed with a --man argument to the executable. If specified, this will override the entry in the input optimisation set. If left empty, the entry from the optimisation set will be used.");
	 if (has_halfmaps) joboptions["in_halfmaps","One of the 2 reference half-maps:", OUTNODE_TOMO_HALFMAP, "", "MRC map files (*half1*.mrc)", "Provide one of the two reference half-reconstructions. Both maps will be passed with a --ref1 and --ref2 arguments to the executable. If specified, this will override the entry in the input optimisation set. If left empty, the entry from the optimisation set will be used.");
	 "in_refmask","Reference mask: ", NODE_MASK_CPIPE, "", "Image Files (*.mrc)", "Input reference mask. This will be passed with a --mask argument to the executable. If specified, this will override the entry in the input optimisation set. If left empty, the entry from the optimisation set will be used.");
	 "in_post","Input postprocess STAR: ", OUTNODE_TOMO_POST, "", "Postprocess STAR file (postprocess.star)", "Input STAR file from a relion_postprocess job. This will be passed with a --fsc argument to the executable. If specified, this will override the entry in the input optimisation set. If left empty, the entry from the optimisation set will be used.");
       "do_tomo","Import tomograms?", true, "Set this to Yes for importing tomogram directories from IMOD.");
        joboptions["io_tomos","Append to tomograms set: ", OUTNODE_TOMO_TOMOGRAMS, "", "Tomogram set STAR file (*.star)", "The imported tomograms will be output into this tomogram set. If any tomograms were already in this tomogram set, then the newly imported ones will be added to those.");
        joboptions["tomo_star","STAR file with tomograms description: ", "", "Input file (*.star)", ".", "Provide a STAR file with the basic following information to import tomogsrams: \n\n"
    "angpix","Pixel size (Angstrom):", (std::string)"", "Pixel size in Angstroms. If this values varies among the input tomograms, then specify it using its own column (rlnTomoTiltSeriesPixelSize) in the input tomogram description STAR file.");
    "kV","Voltage (kV):", (std::string)"", "Voltage the microscope was operated on (in kV; default=300). If this values varies among the input tomograms, then specify it using its own column (rlnVoltage) in the input tomogram description STAR file.");
    "Cs","Spherical aberration (mm):", (std::string)"", "Spherical aberration of the microscope used to collect these images (in mm; default=2.7). Typical values are 2.7 (FEI Titan & Talos, most JEOL CRYO-ARM), 2.0 (FEI Polara), 1.4 (some JEOL CRYO-ARM) and 0.01 (microscopes with a Cs corrector). If this values varies among the input tomograms, then specify it using its own column (rlnSphericalAberration) in the input tomogram description STAR file.");
    "Q0","Amplitude contrast:", (std::string)"", "Fraction of amplitude contrast (default=0.1). Often values around 10% work better than theoretically more accurate lower values.  If this values varies among the input tomograms, then specify it using its own column (rlnAmplitudeContrast) in the input tomogram description STAR file.");
    "dose","Frame dose:", (std::string)"", "Electron dose (in e/A^2) per frame (image) in the tilt series.  If this values varies among the input tomograms, then specify it using its own column (rlnTomoImportFractionalDose) in the input tomogram description STAR file.");
    "order_list","Ordered list:", (std::string)"", "", ".", "A 2-column, comma-separated file with the frame-order list of the tilt series, where the first column is the frame (image) number (starting at 1) and the second column is the tilt angle (in degrees). If this values varies among the input tomograms, then specify it using its own column (rlnTomoImportOrderList) in the input tomogram description STAR file.");
    "do_flipYZ","Flip YZ?", true, "Set this to Yes if you want to interchange the Y and Z coordinates.  If this values varies among the input tomograms, then append opposite values to tomogram set using another Import tomo job.");
    "do_flipZ","Flip Z?", true, "Set this to Yes if you want to change the sign of the Z coordinates.  If this values varies among the input tomograms, then append opposite values to tomogram set using another Import tomo job.");
    "hand","Tilt handedness:", (std::string)"", "Set this to indicate the handedness of the tilt geometry (default=-1). The value of this parameter is either +1 or -1, and it describes whether the focus increases or decreases as a function of Z distance. It has to be determined experimentally. In our experiments, it has always been -1. Y If this values varies among the input tomograms, then append opposite values to tomogram set using another Import tomo job.");
       "do_coords","Import coordinates?", false, "Set this to Yes for importing particle coordinates.");
        joboptions["part_star","STAR file with coordinates: ", "", "Input file (*.star)", ".", "Provide a STAR file with the following information to input particles: \n \n TODO TODO TODO ");
        joboptions["part_tomos","Tomograms set: ", OUTNODE_TOMO_TOMOGRAMS, "", "Tomogram set STAR file (*.star)", "The tomograms set from which these particles were picked.");
        joboptions["do_coords_flipZ","Flip Z coordinates?", false, "Set this to Yes if you want to flip particles Z coordinate. Use it in case imported tomograms Z axis are flipped compared to tomograms used for picking.");
    "do_other","Import other node types?", false, "Set this to Yes  if you plan to import anything else than movies or micrographs");
    "fn_in_other","Input file:", "ref.mrc", "Input file (*.*)", ".", "Select any file(s) to import. \n \n \
    "node_type","Node type:", job_nodetype_options_tomo, 0, "Select the type of Node this is.");
    "optics_group_particles","Rename optics group for particles:", (std::string)"", "Only for the import of a particles STAR file with a single, or no, optics groups defined: rename the optics group for the imported particles to this string.");
"box_size","Box size (pix):", 128, 32, 512, 16, "The initial box size of the reconstruction. A sufficiently large box size allows more of the high-frequency signal to be captured that has been delocalised by the CTF.");
"crop_size","Cropped box size (pix):", -1, -1, 512, 16, "If set to a positive value, after construction, the resulting pseudo subtomograms are cropped to this size. A smaller box size allows the (generally expensive) refinement using relion_refine to proceed more rapidly.");
"binning","Binning factor:", 1, 1, 16, 1, "The tilt series images will be binned by this (real-valued) factor and then reconstructed in the specified box size above. Note that thereby the reconstructed region becomes larger when specifying binning factors larger than one.");
"do_cone_weight","Use cone weight?", false, "If set to Yes, then downweight a cone in Fourier space along the Z axis (as defined by the coordinate system of the particle). This is useful for particles embedded in a membrane, as it can prevent the alignment from being driven by the membrane signal (the signal of a planar membrane is localised within one line in 3D Fourier space). Note that the coordinate system of a particle is given by both the subtomogram orientation (if defined) and the particle orientation (see particle set). This allows the user to first obtain a membrane-driven alignment, and to then specifically suppress the signal in that direction.");
"cone_angle","Cone angle:", 10, 1, 50, 1, "The (full) opening angle of the cone to be suppressed, given in degrees. This angle should include both the uncertainty about the membrane orientation and its variation across the region represented in the subtomogram.");
"do_float16","Write output in float16?", true ,"If set to Yes, this program will write output images in float16 MRC format. This will save a factor of two in disk space compared to the default of writing in float32. Note that RELION and CCPEM will read float16 images, but other programs may not (yet) do so.");
    "box_size","Box size for estimation (pix):", 128, 32, 512, 16, "Box size to be used for the estimation. Note that this can be larger than the box size of the reference map. A sufficiently large box size allows more of the high-frequency signal to be captured that has been delocalised by the CTF.");
    "do_defocus","Refine defocus?", true, "If set to Yes, then estimate the defoci of the individual tilt images.");
    "focus_range","Defocus search range (A):", 3000, 0, 10000, 500, "Defocus search range (in A). This search range will be, by default, sampled in 100 steps. Use the additional argument --ds to change the number of sampling points.");
     "do_reg_def","Do defocus regularisation?", false, "Apply defocus regularisation. " \
    "lambda","Defocus regularisation lambda:", 0.1, 0, 1, 0.05, "Defocus regularisation scale. ");
    "do_scale","Refine contrast scale?", true, "If set to Yes, then estimate the signal " \
    "do_frame_scale","Refine scale per frame?", true, "If set to Yes, then estimate the " \
    "do_tomo_scale","Refine scale per tomogram?", false, "If set to Yes, then estimate "\
    "do_even_aberr","Refine even aberrations?", true, "If set to Yes, then estimates the even higher-order aberrations.");
    "nr_even_aberr","Order of even aberrations:", 4, 4, 8, 2, "The maximum order for the even aberrations to be estimated.");
    "do_odd_aberr","Refine odd aberrations?", true, "If set to Yes, then estimates the odd higher-order aberrations.");
    "nr_odd_aberr","Order of odd aberrations:", 3, 3, 7, 2, "The maximum order for the odd aberrations to be estimated.");
"box_size","Box size for estimation (pix):", 128, 32, 512, 16, "Box size to be used for the estimation. Note that this can be larger than the box size of the reference map. A sufficiently large box size allows more of the high-frequency signal to be captured that has been delocalised by the CTF.");
"max_error","Max position error (pix):", 5, 0, 64, 1, "maximal assumed error in the initial 2D particle-positions (distances between the projected 3D positions and their true positions in the images), given in pixels.");
"do_shift_align","Align by shift only?", false, "If set to Yes, tilt series projection shifts are refined based on cross-correlation. Useful for very badly aligned frames. No iterative optimisation.");
"shift_align_type","Alignment model: ", job_tomo_align_shiftonly_options, 0, "If set to \"Only particles\", it estimates rigid shift by aligning only the particles instead of by predicting entire micrographs. In this case, only misalignments smaller than half the box size of the particle can be corrected.");
"do_motion","Fit per-particle motion?", false, "If set to Yes, then the subtomogram version of Bayesian polishing will be used to fit per-particle (3D) motion tracks, besides the rigid part of the motion in the tilt series.");
"sigma_vel","Sigma for velocity (A/dose): ", 0.2, 1., 10., 0.1, "The expected amount of motion (i.e. the std. deviation of particle positions in Angstroms after 1 electron per A^2 of radiation)");
"sigma_div","Sigma for divergence (A): ", 5000, 0, 10000, 10000, "The expected spatial smoothness of the particle trajectories in A (a greater value means spatially smoother motion");
"do_sq_exp_ker","Use Gaussian decay?", false, "If set to Yes, then assume that the correlation of the velocities of two particles decays as a Gaussian over their distance, instead of as an exponential. This will produce spatially smoother motion and result in a shorter program runtime.");
"do_deform","Estimate 2D deformations?", false, "If set to Yes, then the subtomogram version of Bayesian polishing will be used to fit per-particle (3D) motion tracks, besides the rigid part of the motion in the tilt series.");
"def_w","Horizontal sampling points: ", 3, 0, 10, 1, "Number of horizontal sampling points for the deformation grid.");
"def_h","Vertical sampling points: ", 3, 0, 10, 1, "Number of vertical sampling points for the deformation grid.");
"def_model","Deformation Model:", job_tomo_align_def_model, 1, "Type of model to use (linear, spline or Fourier).");
"lambda","Deformation regularisation lambda:", 0., 0, 1, 0.05, "Deformation regularisation scale.");
"do_frame_def","Refine deformations per frame?", false, "If set to Yes, it models deformations per tilt frame instead of per tilt series.");
   "do_from2d","Average from 2D tilt series?", true, "If set to Yes, then relion_tomo_reconstruct_particle is used, with the options below, to calculate the new average from the original 2D tilt series images. This yields the best results. If set to No, then relion_reconstruct is used to calculate the average of the 3D subtomogram images in the particle set on the I/O tab. This is quicker, but gives worse results.");
"box_size","Box size (pix):", 128, 32, 512, 16, "Box size of the reconstruction. Note that this is independent of the box size that has been used to refine the particle. This allows the user to construct a 3D map of arbitrary size to gain an overview of the structure surrounding the particle. A sufficiently large box size also allows more of the high-frequency signal to be captured that has been delocalised by the CTF.");
"crop_size","Cropped box size (pix):", -1, -1, 512, 16, "If set to a positive value, the program will output an additional set of maps that have been cropped to this size. This is useful if a map is desired that is smaller than the box size required to retrieve the CTF-delocalised signal.");
"binning","Binning factor:", 1, 1, 16, 1, "The tilt series images will be binned by this (real-valued) factor and then reconstructed in the specified box size above. Note that thereby the reconstructed region becomes larger when specifying binning factors larger than one.");
"snr","Wiener SNR constant:", 0, 0, 0.0001, 0.00001, "If set to a positive value, apply a Wiener filter with this signal-to-noise ratio. If omitted, the reconstruction will use a heuristic to prevent divisions by excessively small numbers. Please note that using a low (even though realistic) SNR might wash out the higher frequencies, which could make the map unsuitable to be used for further refinement.");
"fn_mask","FSC Solvent mask:", NODE_MASK_CPIPE, "", "Image Files (*.{spi,vol,msk,mrc})", "Provide a soft mask to automatically estimate the postprocess FSC. It will also create an optimisation set file to be used in other tomo protocols.");
"sym_name","Symmetry:", std::string("C1"), "If the molecule is asymmetric, \
